date,FEDFUNDS,CPIAUCSL,PCEPI,T5YIE,T10YIE,UNRATE,PAYEMS,ICNSA,CIVPART,CES0500000003,INDPRO,RSAFS,HOUST,TCU,DGS10,DGS2,VIXCLS,BAA10YM,NFCI,FedRateChange,RateDirection,InflationRegime,YieldSpread
1990-01-01,8.23,127.5,58.553,NA,NA,5.4,109196,559711.5,66.8,NA,61.729,NA,1551,82.4179,8.206666666666667,8.085238095238095,23.347272727272728,1.73,0.0487225,NA,Hold,Low,0.12142857142857189
1990-02-01,8.24,128,58.811,NA,NA,5.3,109436,392317.75,66.7,NA,62.2896,NA,1437,82.9732,8.473157894736842,8.370526315789473,23.262631578947367,1.67,0.057485,0.009999999999999787,Hike,Low,0.10263157894736885
1990-03-01,8.28,128.6,59.033,NA,NA,5.2,109640,329308.8,66.7,NA,62.5999,NA,1289,83.1981,8.588636363636363,8.626818181818182,20.062272727272727,1.62,0.054526,0.03999999999999915,Hike,Low,-0.03818181818181898
1990-04-01,8.26,128.9,59.157,NA,NA,5.4,109674,326856,66.6,NA,62.4359,NA,1248,82.8001,8.7855,8.724,21.4035,1.51,0.1036925,-0.019999999999999574,Cut,Low,0.061500000000000554
1990-05-01,8.18,129.1,59.29,NA,NA,5.4,109828,296496,66.6,NA,62.6258,NA,1212,82.8798,8.758181818181818,8.642272727272728,18.097727272727273,1.65,0.0463625,-0.08000000000000007,Cut,Low,0.1159090909090903
1990-06-01,8.29,129.9,59.552,NA,NA,5.2,109850,308946.6,66.4,NA,62.8382,NA,1177,82.9978,8.48,8.35095238095238,16.822380952380954,1.74,-0.11480800000000001,0.10999999999999943,Hike,Low,0.1290476190476202
1990-07-01,8.15,130.5,59.699,NA,NA,5.5,109815,407258.25,66.5,NA,62.7284,NA,1171,82.7018,8.471428571428572,8.157142857142857,18.392857142857142,1.73,-0.120535,-0.1399999999999988,Cut,Low,0.31428571428571495
1990-08-01,8.13,131.6,60.096,NA,NA,5.7,109607,320936.5,66.5,NA,62.9475,NA,1115,82.8509,8.752608695652174,8.061304347826088,28.175217391304347,1.66,0.073046,-0.019999999999999574,Cut,Low,0.6913043478260867
1990-09-01,8.2,132.5,60.465,NA,NA,5.9,109522,304230.6,66.4,NA,62.9523,NA,1110,82.7293,8.893157894736841,8.079473684210527,29.10736842105263,1.75,0.30677,0.06999999999999851,Hike,Low,0.8136842105263149
1990-10-01,8.11,133.4,60.811,NA,NA,5.9,109377,374945.75,66.4,NA,62.5845,NA,1014,82.1303,8.719545454545454,7.877727272727273,29.625652173913043,2.02,0.43481,-0.08999999999999986,Cut,Low,0.8418181818181809
1990-11-01,7.81,133.7,60.888,NA,NA,6.2,109222,436081,66.4,NA,61.7887,NA,1145,80.9828,8.392,7.5995,24.885714285714286,2.23,0.45517,-0.2999999999999998,Cut,Low,0.7924999999999995
1990-12-01,7.31,134.2,60.945,NA,NA,6.3,109168,590645.8,66.4,NA,61.3352,NA,969,80.2964,8.075,7.314,23.363,2.35,0.49961,-0.5,Cut,Low,0.7609999999999992
1991-01-01,6.91,134.7,61.177,NA,NA,6.4,109058,681742.25,66.2,NA,61.1355,NA,798,79.9522,8.091904761904761,7.125238095238095,27.42909090909091,2.36,0.45899,-0.39999999999999947,Cut,Low,0.9666666666666659
1991-02-01,6.25,134.8,61.208,NA,NA,6.6,108735,532086.25,66.2,NA,60.6838,NA,965,79.2872,7.854736842105263,6.866842105263158,21.59842105263158,2.22,0.2094875,-0.6600000000000001,Cut,Low,0.9878947368421045
1991-03-01,6.12,134.8,61.221,NA,NA,6.8,108568,476003,66.3,NA,60.3346,NA,921,78.7629,8.11,7.103,17.74421052631579,1.98,-0.06468800000000001,-0.1299999999999999,Cut,Low,1.0069999999999997
1991-04-01,5.91,135.1,61.332,NA,NA,6.7,108350,431627.75,66.4,NA,60.4938,NA,1001,78.9062,8.039090909090909,6.948181818181818,17.37272727272727,1.9,-0.2111275,-0.20999999999999996,Cut,Low,1.0909090909090908
1991-05-01,5.78,135.6,61.586,NA,NA,6.9,108253,374545,66.2,NA,61.0633,NA,996,79.5846,8.067727272727273,6.783636363636363,16.93227272727273,1.79,-0.24488400000000002,-0.1299999999999999,Cut,Low,1.28409090909091
1991-06-01,5.9,136,61.69,NA,NA,6.9,108330,365798.4,66.2,NA,61.5581,NA,1036,80.1624,8.284,6.956,17.135,1.68,-0.24934,0.1200000000000001,Hike,Low,1.3280000000000003
1991-07-01,5.82,136.2,61.787,NA,NA,6.8,108290,451950.5,66.1,NA,61.7305,NA,1063,80.3158,8.272727272727273,6.917727272727273,17.294090909090908,1.62,-0.35698,-0.08000000000000007,Cut,Low,1.3550000000000004
1991-08-01,5.66,136.6,61.931,NA,NA,6.9,108300,357111.6,66,NA,61.7298,NA,1049,80.2365,7.9,6.4331818181818186,15.681363636363637,1.75,-0.504814,-0.16000000000000014,Cut,Low,1.4668181818181818
1991-09-01,5.45,137,62.144,NA,NA,6.9,108335,327980.5,66.2,NA,62.2195,NA,1015,80.7851,7.65,6.1815,16.9565,1.86,-0.5564475,-0.20999999999999996,Cut,Low,1.4685000000000006
1991-10-01,5.21,137.2,62.26,NA,NA,7,108361,369918.5,66.1,NA,62.1855,NA,1079,80.6424,7.527272727272727,5.912272727272727,16.36391304347826,1.96,-0.5732875,-0.2400000000000002,Cut,Low,1.6150000000000002
1991-11-01,4.81,137.8,62.397,NA,NA,7,108300,451039.8,66.1,NA,62.0871,NA,1103,80.4053,7.417368421052632,5.558947368421053,17.7735,2.03,-0.610666,-0.40000000000000036,Cut,Low,1.858421052631579
1991-12-01,4.43,138.2,62.553,NA,NA,7.3,108330,586422.75,66,NA,61.7852,NA,1079,79.8949,7.088571428571429,5.025714285714286,18.347619047619048,2.17,-0.6538425,-0.3799999999999999,Cut,Low,2.062857142857143
1992-01-01,4.03,138.3,62.638,NA,NA,7.3,108365,681729,66.3,NA,61.4616,159177,1176,79.3278,7.032380952380953,4.958095238095238,17.68318181818182,2.1,-0.664274,-0.39999999999999947,Cut,Low,2.0742857142857147
1992-02-01,4.06,138.6,62.797,NA,NA,7.4,108312,480067.2,66.2,NA,61.8955,159189,1250,79.7329,7.337894736842105,5.212105263157895,17.47736842105263,1.89,-0.656745,0.02999999999999936,Hike,Low,2.1257894736842102
1992-03-01,3.98,139.1,62.949,NA,NA,7.4,108367,408942.75,66.4,NA,62.4232,158647,1297,80.2464,7.542272727272727,5.6850000000000005,17.520454545454545,1.71,-0.670925,-0.07999999999999963,Cut,Low,1.8572727272727265
1992-04-01,3.73,139.4,63.119,NA,NA,7.4,108516,384351.75,66.5,NA,62.897,159921,1099,80.6802,7.480476190476191,5.344285714285714,16.562857142857144,1.73,-0.7306075000000001,-0.25,Cut,Low,2.1361904761904764
1992-05-01,3.82,139.7,63.203,NA,NA,7.6,108646,343566.2,66.6,NA,63.104,160471,1214,80.764,7.392,5.2255,15.077,1.74,-0.824974,0.08999999999999986,Hike,Low,2.1665
1992-06-01,3.76,140.1,63.315,NA,NA,7.8,108706,371103.25,66.7,NA,63.1363,161205,1145,80.6204,7.261818181818182,5.048181818181818,15.203181818181818,1.79,-0.8965825000000001,-0.06000000000000005,Cut,Low,2.213636363636364
1992-07-01,3.25,140.5,63.524,NA,NA,7.7,108793,477153.25,66.7,NA,63.7176,162855,1139,81.1771,6.844545454545455,4.3554545454545455,13.601818181818182,2,-0.93662,-0.5099999999999998,Cut,Low,2.4890909090909092
1992-08-01,3.3,140.8,63.609,NA,NA,7.6,108916,338640.2,66.6,NA,63.3613,162412,1226,80.5433,6.585714285714285,4.192857142857143,14.421904761904761,2.06,-0.91913,0.04999999999999982,Hike,Low,2.3928571428571423
1992-09-01,3.22,141.1,63.713,NA,NA,7.6,108951,324685.75,66.5,NA,63.5703,164361,1186,80.6355,6.415238095238095,3.894285714285714,13.696666666666667,2.2,-0.844815,-0.07999999999999963,Cut,Low,2.520952380952381
1992-10-01,3.1,141.7,63.938,NA,NA,7.3,109139,331120.8,66.2,NA,63.9995,166063,1244,81.0138,6.589047619047619,4.082857142857143,17.63681818181818,2.25,-0.722422,-0.1200000000000001,Cut,Low,2.5061904761904765
1992-11-01,3.09,142.1,64.064,NA,NA,7.4,109283,364853.5,66.3,NA,64.2422,166124,1214,81.1636,6.873157894736842,4.579473684210527,14.4245,2.09,-0.70511,-0.010000000000000231,Cut,Low,2.2936842105263153
1992-12-01,2.92,142.3,64.176,NA,NA,7.4,109502,415908.5,66.3,NA,64.3507,167691,1227,81.1549,6.77,4.673636363636364,12.191363636363636,2.04,-0.8292325,-0.16999999999999993,Cut,Low,2.0963636363636358
1993-01-01,3.02,142.8,64.332,NA,NA,7.3,109790,511771.2,66.2,NA,64.5978,169500,1210,81.3264,6.6,4.39,12.409,2.07,-0.940956,0.10000000000000009,Hike,Low,2.21
1993-02-01,3.03,143.1,64.429,NA,NA,7.1,110047,360438.75,66.2,NA,64.9089,168840,1210,81.5884,6.258947368421053,4.098421052631579,13.721578947368421,2.13,-0.9585025,0.009999999999999787,Hike,Low,2.1605263157894736
1993-03-01,3.07,143.3,64.561,NA,NA,7,110004,336331,66.2,NA,64.8522,167682,1083,81.3955,5.975217391304348,3.9495652173913043,13.60608695652174,2.17,-0.9680475,0.040000000000000036,Hike,Low,2.0256521739130435
1993-04-01,2.96,143.8,64.733,NA,NA,7.1,110300,327749.75,66.1,NA,65.0301,172102,1258,81.5045,5.9695238095238095,3.8376190476190475,12.84095238095238,2.17,-0.9920100000000001,-0.10999999999999988,Cut,Low,2.131904761904762
1993-05-01,3,144.2,64.933,NA,NA,7.1,110571,290319.6,66.4,NA,64.784,172960,1260,81.0851,6.0355,3.977,13.606,2.17,-0.9872299999999999,0.040000000000000036,Hike,Low,2.0585
1993-06-01,3.04,144.3,64.955,NA,NA,7,110742,297084.5,66.5,NA,64.9301,173018,1280,81.1568,5.962727272727273,4.163636363636364,12.524090909090908,2.11,-1.0019175,0.040000000000000036,Hike,Low,1.7990909090909089
1993-07-01,3.06,144.5,65.059,NA,NA,6.9,111054,367504.6,66.4,NA,65.1052,175822,1254,81.262,5.805238095238095,4.071904761904762,11.50047619047619,2.12,-1.069588,0.020000000000000018,Hike,Low,1.7333333333333325
1993-08-01,3.03,144.8,65.17,NA,NA,6.8,111200,279246.5,66.4,NA,65.0267,175233,1300,81.0442,5.677727272727273,4.001363636363636,11.928636363636365,1.92,-1.096555,-0.03000000000000025,Cut,Low,1.6763636363636367
1993-09-01,3.09,145,65.238,NA,NA,6.7,111448,263960.75,66.2,NA,65.3717,176608,1343,81.3448,5.36,3.847142857142857,12.93142857142857,1.98,-1.0699325,0.06000000000000005,Hike,Low,1.5128571428571433
1993-10-01,2.99,145.6,65.443,NA,NA,6.8,111734,304385.8,66.3,NA,65.8509,177588,1392,81.7992,5.334,3.8745,11.875238095238096,1.98,-1.004288,-0.09999999999999964,Cut,Low,1.4594999999999998
1993-11-01,3.02,146,65.567,NA,NA,6.6,111987,340114.5,66.3,NA,66.1518,179758,1376,82.0178,5.724,4.1555,14.083809523809524,1.94,-0.943595,0.029999999999999805,Hike,Low,1.5685000000000002
1993-12-01,2.96,146.3,65.582,NA,NA,6.5,112325,402609.25,66.4,NA,66.5436,181077,1533,82.3349,5.774090909090909,4.212272727272727,11.356363636363636,1.92,-0.976762,-0.06000000000000005,Cut,Low,1.5618181818181824
1994-01-01,3.05,146.3,65.604,NA,NA,6.6,112601,527731,66.6,NA,66.7351,179615,1272,82.3903,5.7505,4.14,11.290476190476191,1.9,-1.0189,0.08999999999999986,Hike,Low,1.6105
1994-02-01,3.25,146.7,65.756,NA,NA,6.6,112782,372803.5,66.6,NA,66.774,183101,1337,82.2437,5.9731578947368424,4.474210526315789,13.64421052631579,1.79,-0.9636225,0.20000000000000018,Hike,Low,1.498947368421053
1994-03-01,3.34,147.1,65.937,NA,NA,6.5,113245,321743,66.5,NA,67.4552,186721,1564,82.871,6.482608695652174,4.995217391304348,15.223478260869564,1.65,-0.839585,0.08999999999999986,Hike,Low,1.4873913043478257
1994-04-01,3.56,147.2,66.015,NA,NA,6.4,113589,312520.4,66.5,NA,67.8541,186423,1465,83.1358,6.972105263157895,5.549473684210526,16.471052631578946,1.55,-0.740712,0.2200000000000002,Hike,Low,1.4226315789473682
1994-05-01,4.01,147.5,66.111,NA,NA,6.1,113922,306681.25,66.6,NA,68.1663,185616,1526,83.2793,7.183333333333334,5.968095238095238,13.897142857142857,1.44,-0.7234149999999999,0.44999999999999973,Hike,Low,1.215238095238096
1994-06-01,4.25,147.9,66.272,NA,NA,6.1,114239,296735.75,66.4,NA,68.6265,187800,1409,83.5893,7.1013636363636365,5.931363636363637,13.408636363636363,1.55,-0.72137,0.2400000000000002,Hike,Low,1.17
1994-07-01,4.26,148.4,66.481,NA,NA,6.1,114608,363172.4,66.4,NA,68.7178,188062,1439,83.4406,7.298,6.13,12.4845,1.5,-0.74328,0.009999999999999787,Hike,Low,1.1680000000000001
1994-08-01,4.47,149,66.634,NA,NA,6,114902,275351.75,66.6,NA,69.1785,190771,1450,83.7334,7.236086956521739,6.177391304347826,11.889130434782608,1.5,-0.803715,0.20999999999999996,Hike,Low,1.0586956521739133
1994-09-01,4.73,149.3,66.708,NA,NA,5.9,115246,255957.75,66.6,NA,69.3961,192585,1474,83.7254,7.457142857142857,6.392380952380952,13.233333333333333,1.52,-0.75065,0.2600000000000007,Hike,Low,1.0647619047619052
1994-10-01,4.76,149.4,66.821,NA,NA,5.8,115457,287811,66.7,NA,69.9544,193914,1450,84.1216,7.744,6.7285,15.245238095238095,1.46,-0.6326025,0.02999999999999936,Hike,Low,1.0154999999999994
1994-11-01,5.29,149.8,66.948,NA,NA,5.6,115867,324759.75,66.7,NA,70.4326,194425,1511,84.414,7.955,7.1485,16.383809523809525,1.36,-0.545955,0.5300000000000002,Hike,Low,0.8064999999999998
1994-12-01,5.45,150.1,66.991,NA,NA,5.5,116174,418478.8,66.7,NA,71.1523,194939,1455,84.9892,7.813809523809524,7.58952380952381,14.177142857142858,1.29,-0.431218,0.16000000000000014,Hike,Low,0.2242857142857142
1995-01-01,5.53,150.5,67.127,NA,NA,5.6,116505,504687.25,66.8,NA,71.2734,195908,1407,84.8472,7.7795,7.507,12.274285714285714,1.3,-0.45794999999999997,0.08000000000000007,Hike,Low,0.27249999999999996
1995-02-01,5.92,150.9,67.246,NA,NA,5.4,116694,360596.25,66.8,NA,71.193,193068,1316,84.4634,7.469473684210526,7.111578947368421,11.47,1.38,-0.5870075,0.3899999999999997,Hike,Low,0.3578947368421055
1995-03-01,5.98,151.2,67.37,NA,NA,5.4,116908,326571,66.7,NA,71.3113,195179,1249,84.3123,7.204782608695652,6.775652173913043,12.166521739130435,1.5,-0.640692,0.0600000000000005,Hike,Low,0.4291304347826088
1995-04-01,6.05,151.8,67.547,NA,NA,5.8,117066,318328.2,66.9,NA,71.1882,195310,1267,83.8748,7.062631578947368,6.5678947368421055,12.442631578947369,1.54,-0.6572475,0.0699999999999994,Hike,Low,0.4947368421052625
1995-05-01,6.01,152.1,67.651,NA,NA,5.6,117046,316947.75,66.5,NA,71.5378,198060,1314,83.9876,6.632727272727273,6.170909090909091,12.26590909090909,1.57,-0.705005,-0.040000000000000036,Cut,Low,0.4618181818181819
1995-06-01,6,152.4,67.717,NA,NA,5.6,117291,322348.75,66.5,NA,71.7749,200383,1281,83.9584,6.168181818181818,5.715909090909091,11.896818181818182,1.73,-0.695542,-0.009999999999999787,Cut,Low,0.45227272727272716
1995-07-01,5.85,152.6,67.802,NA,NA,5.7,117382,396551.4,66.6,NA,71.4748,199110,1461,83.2944,6.278,5.78,12.514,1.76,-0.6763525,-0.15000000000000036,Cut,Low,0.49799999999999933
1995-08-01,5.74,152.9,67.948,NA,NA,5.7,117646,291403.5,66.6,NA,72.4223,201078,1416,84.0724,6.4882608695652175,5.980869565217391,12.798260869565217,1.7,-0.7055575000000001,-0.10999999999999943,Cut,Low,0.5073913043478262
1995-09-01,5.8,153.1,67.995,NA,NA,5.6,117873,278133.8,66.6,NA,72.7144,201337,1369,84.074700000000007,6.1975,5.806,12.057,1.73,-0.710172,0.05999999999999961,Hike,Low,0.39149999999999974
1995-10-01,5.76,153.5,68.171,NA,NA,5.5,118026,326673.25,66.6,NA,72.5866,200597,1369,83.58,6.044761904761905,5.6971428571428575,14.357272727272727,1.71,-0.7072025,-0.040000000000000036,Cut,Low,0.34761904761904727
1995-11-01,5.8,153.7,68.169,NA,NA,5.6,118165,370256.5,66.5,NA,72.7779,203545,1452,83.4429,5.93047619047619,5.478571428571429,12.469047619047618,1.75,-0.744165,0.040000000000000036,Hike,Low,0.45190476190476137
1995-12-01,5.6,153.9,68.3,NA,NA,5.6,118325,464628.4,66.4,NA,73.0305,204032,1431,83.3654,5.7115,5.3245,11.7485,1.78,-0.751414,-0.20000000000000018,Cut,Low,0.38700000000000045
1996-01-01,5.56,154.7,68.452,NA,NA,5.6,118317,559426.5,66.4,NA,72.6125,203793,1467,82.5158,5.652380952380953,5.112380952380953,13.473636363636363,1.82,-0.771925,-0.040000000000000036,Cut,Low,0.54
1996-02-01,5.22,155,68.56,NA,NA,5.5,118738,404259.75,66.6,NA,73.6752,206875,1491,83.3451,5.8055,5.0255,15.033,1.82,-0.8209925,-0.33999999999999986,Cut,Low,0.7800000000000002
1996-03-01,5.31,155.5,68.767,NA,NA,5.5,118992,363937.2,66.6,NA,73.585,207650,1424,82.8594,6.268571428571429,5.660952380952381,17.76238095238095,1.76,-0.766396,0.08999999999999986,Hike,Low,0.607619047619048
1996-04-01,5.22,156.1,68.973,NA,NA,5.6,119158,331169,66.7,NA,74.3172,209294,1516,83.2941,6.511363636363637,5.957272727272727,16.575238095238095,1.68,-0.6931325,-0.08999999999999986,Cut,Low,0.5540909090909096
1996-05-01,5.24,156.4,69.092,NA,NA,5.6,119497,294310,66.7,NA,74.8726,211157,1504,83.5236,6.736818181818182,6.095,16.14636363636364,1.56,-0.708608,0.020000000000000462,Hike,Low,0.6418181818181825
1996-06-01,5.27,156.7,69.091,NA,NA,5.3,119770,306039.4,66.7,NA,75.4433,209474,1467,83.7665,6.912,6.297,16.395,1.49,-0.7104874999999999,0.02999999999999936,Hike,Low,0.6150000000000002
1996-07-01,5.4,157,69.237,NA,NA,5.5,120019,371911.5,66.9,NA,75.4549,210827,1472,83.3918,6.865454545454545,6.2700000000000005,17.978636363636365,1.48,-0.7063825,0.13000000000000078,Hike,Low,0.5954545454545448
1996-08-01,5.22,157.2,69.303,NA,NA,5.1,120198,269171,66.7,NA,75.8411,210846,1557,83.4315,6.635454545454546,6.029090909090909,15.760454545454545,1.54,-0.7402340000000001,-0.1800000000000006,Cut,Low,0.6063636363636364
1996-09-01,5.3,157.7,69.499,NA,NA,5.2,120400,261460,66.9,NA,76.3158,213233,1475,83.564,6.832,6.234,16.578,1.52,-0.7375175,0.08000000000000007,Hike,Low,0.5979999999999999
1996-10-01,5.24,158.2,69.709,NA,NA,5.2,120665,295612.25,67,NA,76.3384,215526,1392,83.1973,6.533636363636363,5.912727272727273,16.381739130434784,1.54,-0.7503,-0.05999999999999961,Cut,Low,0.6209090909090902
1996-11-01,5.31,158.7,69.833,NA,NA,5.4,120947,340699,67,NA,77.0397,215167,1489,83.5622,6.2036842105263155,5.7015789473684215,15.997,1.59,-0.781714,0.0699999999999994,Hike,Low,0.5021052631578939
1996-12-01,5.29,159.1,69.914,NA,NA,5.4,121143,449739.25,67,NA,77.5333,215690,1370,83.6933,6.302380952380952,5.781904761904761,19.260952380952382,1.59,-0.732445,-0.019999999999999574,Cut,Low,0.5204761904761908
1997-01-01,5.25,159.4,70.005,NA,NA,5.3,121356,523726.5,67,NA,77.6562,218124,1355,83.4262,6.579047619047619,6.008095238095239,19.473333333333333,1.51,-0.700646,-0.040000000000000036,Cut,Low,0.57095238095238
1997-02-01,5.19,159.7,70.151,NA,NA,5.2,121673,345110.25,66.9,NA,78.5833,219587,1486,84.0084,6.4194736842105264,5.898421052631579,20.139473684210525,1.52,-0.7325475,-0.05999999999999961,Cut,Low,0.5210526315789474
1997-03-01,5.39,159.8,70.225,NA,NA,5.2,121991,297822,67.1,NA,79.082,221189,1457,84.12,6.6945,6.2219999999999995,20.17,1.49,-0.7138625000000001,0.1999999999999993,Hike,Low,0.47250000000000014
1997-04-01,5.51,159.9,70.294,NA,NA,5.1,122289,305652,67.1,NA,79.1747,217925,1492,83.7916,6.885454545454546,6.448181818181818,19.66227272727273,1.45,-0.6570675,0.1200000000000001,Hike,Low,0.4372727272727275
1997-05-01,5.5,159.9,70.262,NA,NA,4.9,122560,270759.2,67.1,NA,79.6133,217771,1442,83.8144,6.710952380952381,6.276666666666666,19.924761904761905,1.49,-0.630362,-0.009999999999999787,Cut,Low,0.43428571428571416
1997-06-01,5.56,160.2,70.352,NA,NA,5,122816,300381,67.1,NA,79.9792,220233,1494,83.7402,6.4938095238095235,6.094761904761905,20.194285714285716,1.53,-0.6355225,0.05999999999999961,Hike,Low,0.3990476190476189
1997-07-01,5.52,160.4,70.394,NA,NA,4.9,123114,357054,67.2,NA,80.6624,222985,1437,83.978,6.220454545454546,5.890909090909091,20.529090909090908,1.53,-0.6531199999999999,-0.040000000000000036,Cut,Low,0.32954545454545503
1997-08-01,5.54,160.8,70.45,NA,NA,4.8,123087,268181,67.2,NA,81.4694,223120,1390,84.3178,6.298571428571429,5.939047619047619,23.084761904761905,1.52,-0.65593,0.020000000000000462,Hike,Low,0.35952380952381
1997-09-01,5.54,161.2,70.62,NA,NA,4.9,123575,240419.75,67.1,NA,82.2156,224509,1546,84.5693,6.208571428571428,5.881904761904762,23.812380952380952,1.49,-0.6299175,0,Hold,Low,0.3266666666666662
1997-10-01,5.5,161.5,70.712,NA,NA,4.7,123924,268842,67.1,NA,82.9446,224300,1520,84.7793,6.029545454545454,5.7718181818181815,23.87086956521739,1.54,-0.55728,-0.040000000000000036,Cut,Low,0.2577272727272728
1997-11-01,5.52,161.7,70.716,NA,NA,4.6,124225,315812,67.2,NA,83.5978,223718,1510,84.8918,5.875,5.712777777777778,32.20611111111111,1.54,-0.4810175,0.019999999999999574,Hike,Low,0.16222222222222182
1997-12-01,5.5,161.8,70.701,NA,NA,4.7,124549,397743.5,67.2,NA,83.9538,225236,1566,84.692,5.808636363636364,5.715,26.276363636363637,1.51,-0.49477,-0.019999999999999574,Cut,Low,0.09363636363636374
1998-01-01,5.56,162,70.736,NA,NA,4.6,124806,477555,67.1,NA,84.3218,225954,1525,84.4984,5.5445,5.357,23.8665,1.65,-0.565598,0.05999999999999961,Hike,Low,0.1875
1998-02-01,5.51,162,70.699,NA,NA,4.6,125017,330828.5,67.1,NA,84.4583,225746,1584,84.074,5.574736842105263,5.417894736842105,19.998947368421053,1.68,-0.6299375,-0.04999999999999982,Cut,Low,0.15684210526315834
1998-03-01,5.49,162,70.71,NA,NA,4.7,125165,292586,67.1,NA,84.488,226889,1567,83.5488,5.6472727272727274,5.5613636363636365,20.158636363636365,1.67,-0.63428,-0.019999999999999574,Cut,Low,0.08590909090909093
1998-04-01,5.45,162.2,70.798,NA,NA,4.3,125445,287194.25,67,NA,84.7779,230409,1540,83.2923,5.637619047619047,5.564285714285714,22.02857142857143,1.69,-0.614015,-0.040000000000000036,Cut,Low,0.07333333333333325
1998-05-01,5.49,162.6,70.895,NA,NA,4.4,125845,260195.8,67,NA,85.3367,230995,1536,83.3136,5.6525,5.5935,20.874,1.65,-0.586488,0.040000000000000036,Hike,Low,0.05900000000000016
1998-06-01,5.56,162.8,70.835,NA,NA,4.5,126076,313387.25,67,NA,84.8248,233207,1641,82.3151,5.496363636363636,5.52,21.662727272727274,1.63,-0.5610875,0.0699999999999994,Hike,Low,-0.023636363636363455
1998-07-01,5.54,163.2,71.01,NA,NA,4.5,126212,372065,67,NA,84.4986,231551,1698,81.5396,5.461363636363636,5.458181818181818,19.93,1.69,-0.541102,-0.019999999999999574,Cut,Low,0.0031818181818179525
1998-08-01,5.55,163.4,71.108,NA,NA,4.5,126546,255116,67,NA,86.248,229792,1614,82.7869,5.341904761904762,5.268571428571429,31.58809523809524,1.8,-0.4004375,0.009999999999999787,Hike,Low,0.07333333333333325
1998-09-01,5.51,163.5,71.067,NA,NA,4.6,126744,232917.25,67.2,NA,86.2021,232308,1582,82.3253,4.806666666666667,4.666190476190476,38.2047619047619,2.28,-0.156715,-0.040000000000000036,Cut,Low,0.14047619047619087
1998-10-01,5.07,163.9,71.223,NA,NA,4.5,126949,272364.8,67.2,NA,86.7914,236174,1715,82.4879,4.53,4.091904761904762,36.60818181818182,2.65,-9.719999999999998e-4,-0.4399999999999995,Cut,Low,0.4380952380952383
1998-11-01,4.83,164.1,71.226,NA,NA,4.4,127222,320414.25,67.1,NA,86.7256,237592,1660,82.0403,4.827368421052632,4.54,26.223,2.51,-0.075765,-0.2400000000000002,Cut,Low,0.2873684210526317
1998-12-01,4.68,164.4,71.298,NA,NA,4.4,127595,391032.25,67.2,NA,87.1185,240140,1792,82.0415,4.6450000000000005,4.506363636363637,25.47909090909091,2.58,-0.165455,-0.15000000000000036,Cut,Low,0.13863636363636367
1999-01-01,4.63,164.7,71.398,NA,NA,4.3,127699,490268,67.2,NA,87.4949,240269,1748,82.0391,4.722105263157895,4.615263157894737,28.035263157894736,2.57,-0.24078000000000002,-0.04999999999999982,Cut,Low,0.10684210526315763
1999-02-01,4.76,164.7,71.358,NA,NA,4.4,128117,312418.5,67.2,NA,88.027,243346,1670,82.1916,4.998947368421053,4.876315789473684,28.82263157894737,2.39,-0.32531,0.1299999999999999,Hike,Low,0.12263157894736931
1999-03-01,4.81,164.8,71.412,NA,NA,4.2,128234,280852,67,NA,88.2267,244687,1710,82.0452,5.232608695652174,5.05304347826087,25.309565217391302,2.3,-0.3902425,0.04999999999999982,Hike,Low,0.17956521739130427
1999-04-01,4.74,165.9,71.757,NA,NA,4.3,128595,285247.5,67.1,NA,88.4295,246628,1553,81.9153,5.184545454545455,4.976818181818182,23.478571428571428,2.3,-0.420464,-0.0699999999999994,Cut,Low,0.20772727272727298
1999-05-01,4.74,166,71.804,NA,NA,4.2,128813,257679.6,67.1,NA,88.9886,248367,1611,82.124,5.5395,5.2545,26.2045,2.18,-0.41688,0,Hold,Low,0.28500000000000014
1999-06-01,4.76,166,71.826,NA,NA,4.3,129084,265521,67.1,NA,88.9188,249329,1559,81.7593,5.899545454545454,5.618636363636364,23.626363636363635,2.12,-0.36071000000000003,0.019999999999999574,Hike,Low,0.28090909090909033
1999-07-01,4.99,166.7,72.017,NA,NA,4.3,129422,316900.4,67.1,NA,89.4333,251263,1669,81.9405,5.791904761904762,5.554761904761905,21.04904761904762,2.16,-0.261902,0.23000000000000043,Hike,Low,0.23714285714285754
1999-08-01,5.07,167.1,72.148,NA,NA,4.2,129572,235450.5,67,NA,89.7924,253844,1648,81.9786,5.939090909090909,5.678181818181819,24.323636363636364,2.21,-0.169255,0.08000000000000007,Hike,Low,0.26090909090909076
1999-09-01,5.22,167.8,72.407,NA,NA,4.2,129771,222926.75,67,NA,89.4299,255029,1635,81.3642,5.915238095238095,5.661904761904762,24.541428571428572,2.28,-0.12023500000000001,0.14999999999999947,Hike,Low,0.25333333333333297
1999-10-01,5.2,168.1,72.529,NA,NA,4.1,130178,253716.2,67,NA,90.523,254816,1608,82.0771,6.112,5.8625,24.021428571428572,2.27,-0.094124,-0.019999999999999574,Cut,Low,0.24950000000000028
1999-11-01,5.42,168.4,72.594,NA,NA,4.1,130466,284311.5,67.1,NA,90.9618,258133,1648,82.198,6.034,5.862,21.81809523809524,2.12,-0.151865,0.21999999999999975,Hike,Low,0.1719999999999997
1999-12-01,5.3,168.8,72.763,NA,NA,4,130783,351063.5,67.1,NA,91.6634,263311,1708,82.5592,6.275454545454545,6.1045454545454545,22.15909090909091,1.91,-0.170242,-0.1200000000000001,Cut,Low,0.1709090909090909
2000-01-01,5.45,169.3,72.961,NA,NA,4,131011,430176.8,67.3,NA,91.538,261545,1636,82.179,6.6610000000000005,6.44,23.202,1.67,-0.1978025,0.15000000000000036,Hike,Low,0.22100000000000009
2000-02-01,5.73,170,73.191,NA,NA,4.1,131120,304340,67.3,NA,91.8239,265686,1737,82.1719,6.5195,6.6105,23.5955,1.77,-0.20446,0.28000000000000025,Hike,Low,-0.09100000000000019
2000-03-01,5.85,171,73.505,NA,NA,4,131604,255026.75,67.3,NA,92.1504,269019,1604,82.2023,6.256521739130434,6.528260869565218,22.718260869565217,2.11,-0.132106,0.11999999999999922,Hike,Low,-0.27173913043478315
2000-04-01,6.02,170.9,73.444,NA,NA,3.8,131884,246118.4,67.3,NA,92.6989,264067,1626,82.4316,5.990526315789474,6.403684210526316,27.164210526315788,2.41,-0.0530025,0.16999999999999993,Hike,Low,-0.41315789473684195
2000-05-01,6.27,171.2,73.505,NA,NA,4,132105,241421.75,67.1,NA,92.9499,265992,1575,82.3967,6.440454545454545,6.809545454545455,26.37318181818182,2.46,0.0047,0.25,Hike,Low,-0.36909090909090914
2000-06-01,6.53,172.2,73.754,NA,NA,4,132063,262426,67.1,NA,92.9862,267750,1559,82.1729,6.097272727272728,6.4818181818181815,21.54,2.38,0.02182,0.2600000000000007,Hike,Low,-0.38454545454545386
2000-07-01,6.54,172.7,73.939,NA,NA,4,132228,314495,66.9,NA,92.8048,265683,1463,81.7603,6.054,6.3389999999999995,19.893,2.3,-0.0708375,0.009999999999999787,Hike,Low,-0.28499999999999925
2000-08-01,6.5,172.7,73.934,NA,NA,4.1,132234,254595.75,66.9,NA,92.5521,266885,1541,81.2857,5.826086956521739,6.228695652173913,18.088695652173914,2.43,-0.17442000000000002,-0.040000000000000036,Cut,Low,-0.40260869565217394
2000-09-01,6.52,173.6,74.252,NA,NA,3.9,132337,233557.6,66.9,NA,92.9792,270523,1507,81.4061,5.799,6.0815,19.6875,2.55,-0.204012,0.019999999999999574,Hike,Low,-0.28249999999999975
2000-10-01,6.51,173.9,74.353,NA,NA,3.9,132352,270200,66.8,NA,92.6179,270339,1549,80.8334,5.738571428571428,5.9123809523809525,25.2,2.6,-0.1786875,-0.009999999999999787,Cut,Low,-0.17380952380952408
2000-11-01,6.51,174.2,74.457,NA,NA,3.9,132556,333290,66.9,NA,92.6438,268850,1551,80.5963,5.717142857142857,5.875238095238095,26.382857142857144,2.56,-0.134525,0,Hold,Low,-0.15809523809523807
2000-12-01,6.4,174.6,74.571,NA,NA,3.9,132716,458103.8,67,NA,92.3415,268338,1532,80.0735,5.2405,5.352,26.5305,2.78,-0.076836,-0.10999999999999943,Cut,Low,-0.11150000000000038
2001-01-01,5.98,175.6,74.932,NA,NA,4.2,132703,500976,67.2,NA,91.902,272881,1600,79.4332,5.160952380952381,4.76,24.91857142857143,2.77,-0.1734475,-0.41999999999999993,Cut,Low,0.40095238095238095
2001-02-01,5.49,176,75.048,NA,NA,4.2,132788,381069.75,67.1,NA,91.3034,272627,1625,78.6604,5.098947368421053,4.656842105263158,23.411578947368422,2.77,-0.2705925,-0.4900000000000002,Cut,Low,0.44210526315789433
2001-03-01,5.31,176.1,75.055,NA,NA,4.3,132751,354263.2,67.2,NA,91.1162,269820,1590,78.2472,4.885454545454546,4.342272727272727,28.49681818181818,2.95,-0.259882,-0.1800000000000006,Cut,Low,0.5431818181818189
2001-04-01,4.8,176.4,75.187,NA,NA,4.4,132458,366959.75,66.9,NA,90.7891,274410,1649,77.7206,5.141,4.234,28.134,2.93,-0.2978275,-0.5099999999999998,Cut,Low,0.907
2001-05-01,4.21,177.3,75.385,NA,NA,4.3,132408,338172.25,66.7,NA,90.3555,275769,1605,77.1128,5.391363636363637,4.26,22.94409090909091,2.68,-0.3954475,-0.5899999999999999,Cut,Low,1.1313636363636368
2001-06-01,3.97,177.7,75.518,NA,NA,4.5,132300,362992.2,66.7,NA,89.8784,274474,1636,76.4807,5.284285714285714,4.08,20.94047619047619,2.69,-0.448116,-0.23999999999999977,Cut,Medium,1.2042857142857137
2001-07-01,3.77,177.4,75.493,NA,NA,4.6,132172,447490,66.8,NA,89.3028,273098,1670,75.7806,5.236190476190476,4.038571428571428,22.316190476190478,2.73,-0.4852725,-0.20000000000000018,Cut,Low,1.1976190476190478
2001-08-01,3.65,177.4,75.484,NA,NA,4.9,132021,324899.5,66.5,NA,89.2003,275659,1567,75.4938,4.971304347826087,3.757391304347826,21.86173913043478,2.88,-0.47771199999999997,-0.1200000000000001,Cut,Low,1.2139130434782608
2001-09-01,3.07,178.1,75.227,NA,NA,5,131763,339967.8,66.8,NA,88.7485,268652,1562,74.9237,4.731764705882353,3.1188235294117646,35.065333333333335,3.3,-0.36205,-0.5800000000000001,Cut,Medium,1.612941176470588
2001-10-01,2.49,177.6,75.492,NA,NA,5.3,131452,433769.5,66.7,NA,88.5052,288632,1540,74.5431,4.5668181818181814,2.725909090909091,32.721304347826084,3.34,-0.360695,-0.5799999999999996,Cut,Low,1.8409090909090904
2001-11-01,2.09,177.5,75.441,NA,NA,5.5,131144,439872.25,66.7,NA,87.97,280033,1602,73.9318,4.6515,2.7825,26.63095238095238,3.16,-0.39174,-0.40000000000000036,Cut,Low,1.8690000000000002
2001-12-01,1.82,177.4,75.363,NA,NA,5.7,130983,543054.6,66.7,NA,87.9324,276302,1568,73.7552,5.0875,3.1069999999999998,23.72,2.96,-0.3623375,-0.2699999999999998,Cut,Low,1.9805000000000006
2002-01-01,1.73,177.7,75.431,NA,NA,5.7,130859,606644,66.5,NA,88.5176,277135,1698,74.1161,5.035714285714286,3.028095238095238,22.252857142857142,2.83,-0.429245,-0.09000000000000008,Cut,Medium,2.0076190476190474
2002-02-01,1.74,178,75.558,NA,NA,5.7,130737,407060,66.8,NA,88.5278,278869,1829,74.0132,4.911578947368421,3.015263157894737,22.87578947368421,2.98,-0.48842,0.010000000000000009,Hike,Medium,1.8963157894736837
2002-03-01,1.73,178.5,75.763,NA,NA,5.7,130722,375395.4,66.6,NA,89.1686,278079,1642,74.4558,5.284,3.5575,18.985,2.83,-0.495328,-0.010000000000000009,Cut,Medium,1.7264999999999997
2002-04-01,1.75,179.3,76.08,NA,NA,5.9,130616,403429.75,66.7,NA,89.604,281147,1592,74.7452,5.210909090909091,3.422727272727273,19.900454545454547,2.82,-0.5482400000000001,0.020000000000000018,Hike,Medium,1.788181818181818
2002-05-01,1.75,179.5,76.13,NA,NA,5.8,130632,354073.25,66.7,NA,89.964,278966,1764,74.9894,5.164545454545455,3.264090909090909,20.08772727272727,2.93,-0.62203,0,Hold,Medium,1.9004545454545458
2002-06-01,1.75,179.6,76.225,NA,NA,5.8,130674,352301.8,66.6,NA,90.7061,280426,1717,75.569,4.9265,2.993,25.271,3.02,-0.577475,0,Hold,Medium,1.9335
2002-07-01,1.73,180,76.393,NA,NA,5.8,130584,424115.25,66.5,NA,90.6769,284161,1655,75.5228,4.653181818181818,2.5568181818181817,34.04954545454545,3.25,-0.4746425,-0.020000000000000018,Cut,Medium,2.0963636363636367
2002-08-01,1.74,180.5,76.543,NA,NA,5.7,130581,319722.8,66.6,NA,90.5762,285884,1633,75.4317,4.257272727272727,2.1336363636363638,33.74272727272727,3.32,-0.408064,0.010000000000000009,Hike,Medium,2.123636363636363
2002-09-01,1.75,180.8,76.681,NA,NA,5.7,130502,323066.25,66.7,NA,90.6531,281064,1804,75.4995,3.87,2.0045,37.6475,3.53,-0.36652,0.010000000000000009,Hike,Medium,1.8655
2002-10-01,1.75,181.2,76.821,NA,NA,5.7,130617,369205,66.6,NA,90.4643,282940,1648,75.3553,3.940909090909091,1.9118181818181819,35.24304347826087,3.79,-0.3687075,0,Hold,Medium,2.0290909090909093
2002-11-01,1.34,181.5,76.897,NA,NA,5.9,130616,403918,66.4,NA,90.9711,283408,1753,75.8001,4.0484210526315785,1.9231578947368422,28.175,3.57,-0.435496,-0.4099999999999999,Cut,Medium,2.1252631578947363
2002-12-01,1.24,181.8,76.971,NA,NA,6,130465,534516.5,66.3,NA,90.4652,286646,1788,75.4073,4.032380952380953,1.8361904761904762,28.21047619047619,3.42,-0.46514500000000003,-0.10000000000000009,Cut,Medium,2.1961904761904765
2003-01-01,1.24,182.6,77.201,1.398095238095238,1.7542857142857142,5.8,130573,580391.5,66.4,NA,91.2361,288657,1853,76.0829,4.048571428571429,1.7433333333333334,27.424285714285716,3.3,-0.506626,0,Hold,Medium,2.3052380952380958
2003-02-01,1.26,183.6,77.526,1.6542105263157896,1.9126315789473685,5.9,130441,418658.25,66.4,NA,91.3445,284696,1629,76.2008,3.9026315789473682,1.6278947368421053,32.21842105263158,3.16,-0.53376,0.020000000000000018,Hike,Medium,2.2747368421052627
2003-03-01,1.25,183.9,77.725,1.6952380952380952,1.8628571428571428,5.9,130235,393488.6,66.3,NA,91.1044,288177,1726,76.0272,3.8071428571428574,1.5738095238095238,30.634285714285713,3.14,-0.565235,-0.010000000000000009,Cut,Medium,2.2333333333333334
2003-04-01,1.26,183.2,77.593,1.5685714285714285,1.7747619047619048,6,130173,407398.25,66.4,NA,90.5617,289053,1643,75.6028,3.9585714285714286,1.6223809523809525,23.991904761904763,2.89,-0.6496425,0.010000000000000009,Hike,Medium,2.336190476190476
2003-05-01,1.26,182.9,77.504,1.3366666666666667,1.660952380952381,6.1,130197,363067.2,66.4,NA,90.537,289619,1751,75.6099,3.569047619047619,1.4152380952380952,20.23952380952381,2.81,-0.710758,0,Hold,Medium,2.1538095238095236
2003-06-01,1.22,183.1,77.588,1.3585714285714285,1.6123809523809525,6.3,130186,393833.75,66.5,NA,90.6527,293671,1867,75.7311,3.334285714285714,1.227142857142857,20.362380952380953,2.86,-0.7126874999999999,-0.040000000000000036,Cut,Medium,2.1071428571428568
2003-07-01,1.01,183.7,77.816,1.5681818181818181,1.865909090909091,6.2,130184,453446.25,66.2,NA,91.1185,296207,1897,76.1369,3.9754545454545456,1.4740909090909091,19.161363636363635,2.64,-0.717085,-0.20999999999999996,Cut,Medium,2.5013636363636365
2003-08-01,1.03,184.5,78.079,1.8866666666666667,2.124761904761905,6.1,130153,325296.8,66.1,NA,90.9197,299592,1833,75.9832,4.445238095238095,1.8642857142857143,19.274285714285714,2.56,-0.684626,0.020000000000000018,Hike,Medium,2.580952380952381
2003-09-01,1.01,185.1,78.323,1.8933333333333333,2.0880952380952382,6.1,130252,314275,66.1,NA,91.5059,298921,1939,76.483,4.274285714285714,1.7061904761904763,19.532380952380954,2.52,-0.6742375,-0.020000000000000018,Cut,Medium,2.5680952380952378
2003-10-01,1.01,184.9,78.333,1.978181818181818,2.214090909090909,6,130439,346861.25,66.1,NA,91.6186,298205,1967,76.5884,4.290454545454545,1.7477272727272728,18.023478260869567,2.44,-0.705226,0,Hold,Medium,2.542727272727272
2003-11-01,1,185,78.432,2.0172222222222222,2.3361111111111112,5.8,130480,369296,66.1,NA,92.2329,299433,2083,77.1135,4.3,1.9266666666666667,17.40105263157895,2.36,-0.7184175,-0.010000000000000009,Cut,Medium,2.373333333333333
2003-12-01,0.98,185.5,78.605,2.0395454545454546,2.284090909090909,5.7,130589,459878.5,65.9,NA,92.2602,300702,2057,77.1489,4.267727272727273,1.9072727272727272,16.826363636363638,2.33,-0.7188975,-0.020000000000000018,Cut,Medium,2.3604545454545454
2004-01-01,1,186.3,78.909,2.0355,2.263,5.7,130756,502007,66.1,NA,92.4006,301993,1911,77.2806,4.1505,1.761,16.101,2.29,-0.761892,0.020000000000000018,Hike,Medium,2.3895
2004-02-01,1.01,186.7,79.077,2.21,2.3221052631578947,5.6,130821,361294.75,66,NA,92.958,303915,1846,77.7639,4.08421052631579,1.74,15.99842105263158,2.19,-0.80819,0.010000000000000009,Hike,Medium,2.3442105263157895
2004-03-01,1,187.1,79.199,2.2717391304347827,2.361304347826087,5.8,131140,313078,66,NA,92.5861,309471,1998,77.4721,3.8265217391304347,1.5778260869565217,17.687391304347827,2.28,-0.81192,-0.010000000000000009,Cut,Medium,2.2486956521739128
2004-04-01,1,187.4,79.346,2.373809523809524,2.4447619047619047,5.6,131412,325909.75,65.9,NA,92.93,307358,2003,77.7807,4.347619047619047,2.070952380952381,15.698571428571428,2.11,-0.77012,0,Hold,Medium,2.2766666666666664
2004-05-01,1,188.2,79.604,2.5125,2.6255,5.6,131697,294218.4,66,NA,93.6013,311088,1981,78.3623,4.7155,2.5335,17.705,2.03,-0.70998000000000006,0,Hold,Medium,2.1819999999999995
2004-06-01,1.03,188.9,79.831,2.521904761904762,2.5876190476190475,5.6,131794,315846.5,66.1,NA,92.871,309127,1828,77.7669,4.733809523809524,2.763333333333333,15.342727272727274,2.05,-0.68903,0.030000000000000027,Hike,Medium,1.9704761904761905
2004-07-01,1.26,189.1,79.905,2.3976190476190475,2.473809523809524,5.5,131854,356835.2,66.1,NA,93.5649,311681,2002,78.3594,4.498095238095238,2.6385714285714283,15.502380952380953,2.12,-0.693156,0.22999999999999998,Hike,Medium,1.8595238095238096
2004-08-01,1.43,189.2,79.946,2.3513636363636365,2.421818181818182,5.4,131939,276322,66,NA,93.6277,311192,2024,78.4167,4.281363636363636,2.5081818181818183,16.68409090909091,2.18,-0.7006975,0.16999999999999993,Hike,Medium,1.773181818181818
2004-09-01,1.61,189.8,80.104,2.2523809523809524,2.3266666666666667,5.4,132089,271018.25,65.8,NA,93.7467,317446,1905,78.5109,4.1257142857142854,2.525238095238095,14.08095238095238,2.14,-0.7019725,0.18000000000000016,Hike,Medium,1.6004761904761904
2004-10-01,1.76,190.8,80.448,2.373,2.368,5.5,132429,304253.4,65.9,NA,94.5465,318476,2072,79.1635,4.097,2.5845,14.973809523809523,2.11,-0.702586,0.1499999999999999,Hike,Medium,1.5125000000000006
2004-11-01,1.93,191.7,80.758,2.6215,2.518,5.4,132503,334987.25,66,NA,94.7813,320520,1782,79.3296,4.194,2.852,13.577619047619049,2.01,-0.7147475,0.16999999999999993,Hike,Medium,1.342
2004-12-01,2.16,191.7,80.801,2.674545454545455,2.562272727272727,5.4,132630,416405.5,65.9,NA,95.5365,324672,2042,79.9179,4.2309090909090905,3.0118181818181817,12.459545454545454,1.92,-0.707604,0.2300000000000002,Hike,Medium,1.2190909090909088
2005-01-01,2.28,191.6,80.907,2.578,2.498,5.3,132781,485570.4,65.8,NA,95.8801,321272,2144,80.1494,4.2215,3.2225,13.438,1.8,-0.6991725,0.11999999999999966,Hike,Medium,0.9989999999999997
2005-02-01,2.5,192.4,81.132,2.683157894736842,2.5342105263157895,5.4,133034,312817.75,65.9,NA,96.5761,325308,2207,80.6584,4.165263157894737,3.384736842105263,11.708947368421052,1.65,-0.7120875,0.2200000000000002,Hike,Medium,0.7805263157894737
2005-03-01,2.63,193.1,81.375,2.876818181818182,2.7104545454545454,5.2,133154,305306.25,65.9,NA,96.4456,326179,1864,80.4638,4.497727272727273,3.7268181818181816,13.126363636363637,1.56,-0.6864925,0.1299999999999999,Hike,Medium,0.7709090909090914
2005-04-01,2.79,193.7,81.603,2.77,2.6352380952380954,5.2,133520,302215,66.1,NA,96.6532,329124,2061,80.5421,4.340952380952381,3.653809523809524,14.459047619047618,1.71,-0.629302,0.16000000000000014,Hike,Medium,0.6871428571428573
2005-05-01,3,193.6,81.649,2.5747619047619046,2.490952380952381,5.1,133689,288484.5,66.1,NA,96.7402,327233,2025,80.5094,4.144285714285714,3.643809523809524,13.967619047619047,1.87,-0.60192,0.20999999999999996,Hike,Medium,0.5004761904761903
2005-06-01,3.04,193.7,81.7,2.3813636363636363,2.3236363636363637,5,133948,295591,66.1,NA,97.1753,337219,2068,80.7567,3.998181818181818,3.6404545454545456,11.868636363636364,1.86,-0.6031275,0.040000000000000036,Hike,Medium,0.35772727272727245
2005-07-01,3.26,194.9,82.046,2.3095,2.301,5,134300,337237.6,66.1,NA,96.8676,339529,2054,80.3802,4.1775,3.871,11.049,1.77,-0.6112339999999999,0.21999999999999975,Hike,Medium,0.3065000000000002
2005-08-01,3.5,196.1,82.377,2.4121739130434783,2.373478260869565,4.9,134502,257638.75,66.2,NA,97.1833,335605,2095,80.5172,4.262608695652174,4.044347826086956,12.951304347826087,1.7,-0.6077325,0.2400000000000002,Hike,Medium,0.21826086956521795
2005-09-01,3.62,198.8,83.172,2.610952380952381,2.5,5,134552,308159.75,66.1,NA,95.3005,336600,2151,78.8319,4.199047619047619,3.946190476190476,12.628095238095238,1.83,-0.578064,0.1200000000000001,Hike,Medium,0.25285714285714267
2005-10-01,3.78,199.1,83.305,2.633,2.521,5,134641,319241.4,66.1,NA,96.4572,336753,2065,79.6607,4.4635,4.271,14.937619047619048,1.84,-0.5757575,0.1599999999999997,Hike,Medium,0.1924999999999999
2005-11-01,4,198.1,83.131,2.479,2.4715,5,134997,320911,66,NA,97.5414,339719,2147,80.426,4.535,4.4165,12.147619047619047,1.85,-0.587,0.2200000000000002,Hike,Medium,0.11850000000000005
2005-12-01,4.16,198.1,83.131,2.307142857142857,2.343809523809524,4.9,135159,420991,66,NA,98.0452,339895,1994,80.7109,4.467142857142857,4.404285714285714,11.26,1.85,-0.567552,0.16000000000000014,Hike,Medium,0.06285714285714317
2006-01-01,4.29,199.3,83.534,2.4130000000000003,2.41,4.7,135427,407929.5,66,NA,98.1999,349664,2273,80.7078,4.416,4.3955,12.036,1.82,-0.58667,0.1299999999999999,Hike,Medium,0.020500000000000185
2006-02-01,4.49,199.4,83.584,2.5921052631578947,2.52,4.8,135733,293413.5,66.1,NA,98.2413,347021,2119,80.6111,4.568947368421052,4.668421052631579,12.471052631578948,1.7,-0.62501,0.20000000000000018,Hike,Medium,-0.09947368421052616
2006-03-01,4.59,199.7,83.746,2.6243478260869564,2.526521739130435,4.7,136038,282809.5,66.2,20.04,98.4628,348357,1969,80.6609,4.723913043478261,4.733913043478261,11.693913043478261,1.69,-0.63239,0.09999999999999964,Hike,Medium,-0.010000000000000675
2006-04-01,4.79,200.7,84.135,2.642105263157895,2.581578947368421,4.7,136210,281643.4,66.1,20.17,98.7618,350072,1821,80.7713,4.990526315789474,4.888947368421053,11.847368421052632,1.69,-0.6235125,0.20000000000000018,Hike,Medium,0.10157894736842099
2006-05-01,4.94,201.3,84.361,2.6940909090909093,2.664090909090909,4.6,136249,294023.25,66.1,20.13,98.7869,348889,1942,80.6521,5.11,4.968181818181819,14.454545454545455,1.64,-0.6004050000000001,0.15000000000000036,Hike,Medium,0.14181818181818162
2006-06-01,4.99,201.8,84.569,2.6154545454545453,2.5768181818181817,4.6,136337,277774.75,66.2,20.22,99.0997,350795,1802,80.7601,5.106363636363636,5.121818181818182,16.918636363636363,1.67,-0.545806,0.04999999999999982,Hike,Medium,-0.01545454545454561
2006-07-01,5.24,202.9,84.858,2.5845,2.5805,4.7,136529,329793,66.1,20.29,99.0489,351916,1737,80.5643,5.0875,5.1185,15.326,1.67,-0.5428625,0.25,Hike,Medium,-0.030999999999999694
2006-08-01,5.25,203.8,85.125,2.554782608695652,2.5856521739130436,4.7,136692,258830.25,66.2,20.32,99.4836,353285,1650,80.754,4.8765217391304345,4.903478260869565,13.351739130434783,1.71,-0.590545,0.009999999999999787,Hike,Medium,-0.026956521739130324
2006-09-01,5.25,202.8,84.902,2.2905,2.3994999999999997,4.5,136826,255498,66.1,20.4,99.3183,351240,1720,80.4492,4.719,4.769,12.1845,1.71,-0.606434,0,Hold,Medium,-0.04999999999999982
2006-10-01,5.25,201.9,84.702,2.1761904761904765,2.3176190476190475,4.4,136843,292990,66.2,20.42,99.2044,351035,1491,80.1804,4.729047619047619,4.795714285714285,11.306363636363637,1.69,-0.61931,0,Hold,Medium,-0.06666666666666643
2006-11-01,5.25,202,84.731,2.1742857142857144,2.3033333333333332,4.5,137060,326015.25,66.3,20.49,99.1627,352116,1570,79.9663,4.595238095238095,4.7404761904761905,10.817619047619047,1.6,-0.6317575,0,Hold,Medium,-0.1452380952380956
2006-12-01,5.24,203.1,85.032,2.25,2.314,4.4,137249,424005.8,66.4,20.58,100.1735,356367,1649,80.5985,4.5645,4.6735,10.964500000000001,1.66,-0.626056,-0.009999999999999787,Cut,Medium,-0.10899999999999999
2007-01-01,5.25,203.437,85.316,2.2804761904761905,2.322857142857143,4.6,137472,435077.5,66.4,20.59,99.8346,355792,1409,80.1452,4.7595238095238095,4.876190476190477,11.0425,1.58,-0.6651075,0.009999999999999787,Hike,Medium,-0.11666666666666714
2007-02-01,5.26,204.226,85.581,2.369473684210526,2.3621052631578947,4.5,137560,326745.25,66.3,20.68,100.7753,356545,1480,80.7218,4.722631578947368,4.848947368421053,11.155263157894737,1.56,-0.6769775,0.009999999999999787,Hike,Medium,-0.1263157894736846
2007-03-01,5.26,205.288,85.894,2.441818181818182,2.3877272727272727,4.4,137784,287591.6,66.2,20.72,100.9547,359415,1495,80.6932,4.5645454545454545,4.573636363636363,15.162727272727272,1.71,-0.624256,0,Hold,Medium,-0.009090909090908816
2007-04-01,5.25,205.904,86.096,2.4771428571428573,2.4380952380952383,4.5,137847,304459.75,65.9,20.79,101.6334,358562,1490,81.0737,4.693809523809524,4.666190476190476,12.933,1.7,-0.5963075,-0.009999999999999787,Cut,Medium,0.027619047619047876
2007-05-01,5.25,206.755,86.346,2.377727272727273,2.3727272727272726,4.4,137992,269290,66,20.84,101.7306,363085,1415,81.0044,4.746363636363636,4.766363636363637,13.297727272727272,1.64,-0.5665475,0,Hold,Medium,-0.020000000000000462
2007-06-01,5.25,207.234,86.529,2.3723809523809525,2.4119047619047618,4.6,138070,289955.4,66,20.95,101.7893,360234,1448,80.9238,5.102857142857143,4.980476190476191,14.947619047619048,1.6,-0.538112,0,Hold,Medium,0.12238095238095248
2007-07-01,5.26,207.603,86.661,2.289047619047619,2.3676190476190477,4.7,138044,339296.25,66,20.94,101.6672,361770,1354,80.7255,5.0042857142857144,4.819047619047619,17.273333333333333,1.65,-0.40761749999999997,0.009999999999999787,Hike,Medium,0.18523809523809565
2007-08-01,5.02,207.667,86.72,2.043913043478261,2.236521739130435,4.6,138013,265183.75,65.8,21,101.863,363676,1330,80.8082,4.674782608695652,4.3130434782608695,25.026086956521738,1.98,0.035088,-0.2400000000000002,Cut,Medium,0.3617391304347821
2007-09-01,4.94,208.547,87.054,2.0563157894736843,2.2642105263157895,4.7,138099,253605,66,21.04,102.0894,365178,1183,80.9387,4.521578947368421,4.011578947368421,22.198947368421052,2.07,0.15853,-0.07999999999999918,Cut,Medium,0.5099999999999998
2007-10-01,4.76,209.19,87.318,2.1913636363636364,2.325454545454545,4.7,138175,303967,65.8,21.06,101.8015,367322,1264,80.6837,4.527727272727272,3.9677272727272728,19.115652173913045,1.95,-0.011385,-0.1800000000000006,Cut,Medium,0.5599999999999996
2007-11-01,4.49,210.834,87.781,2.3145,2.3805,4.7,138290,331190.5,66,21.12,102.3446,370776,1197,81.1065,4.1485,3.3365,25.58238095238095,2.25,0.273486,-0.2699999999999996,Cut,Medium,0.8120000000000003
2007-12-01,4.24,211.445,87.984,2.2155,2.3085,5,138395,448652.4,66,21.16,102.3803,366569,1037,81.1425,4.0975,3.117,21.651,2.55,0.5472125,-0.25,Cut,Medium,0.9805000000000001
2008-01-01,3.94,212.174,88.206,2.1228571428571428,2.275238095238095,5,138391,463884.5,66.2,21.19,102.2448,367368,1084,81.0549,3.744285714285714,2.4757142857142855,25.816190476190478,2.8,0.4271025,-0.30000000000000027,Cut,Medium,1.2685714285714287
2008-02-01,2.98,212.687,88.382,2.131,2.3325,4.9,138329,353432,66,21.27,101.8438,364126,1103,80.7602,3.7375,1.9729999999999999,25.456,3.08,0.599156,-0.96,Cut,Medium,1.7645
2008-03-01,2.61,213.448,88.635,2.2560000000000002,2.419,5.1,138259,336191.4,66.1,21.36,101.5336,365164,1005,80.5381,3.51,1.617,27.1035,3.38,0.9301,-0.3700000000000001,Cut,Medium,1.8929999999999998
2008-04-01,2.28,213.942,88.799,2.225909090909091,2.3127272727272725,5,138040,348589.25,65.9,21.38,100.8785,364816,1013,80.0376,3.675,2.0472727272727274,21.562727272727273,3.29,0.771835,-0.33000000000000007,Cut,Medium,1.6277272727272725
2008-05-01,1.98,215.208,89.18,2.3604761904761906,2.42,5.4,137851,321689,66.1,21.47,100.2674,368255,973,79.5579,3.88,2.4457142857142857,18.303333333333335,3.05,0.512104,-0.2999999999999998,Cut,Medium,1.4342857142857142
2008-06-01,2,217.463,89.827,2.5161904761904763,2.470952380952381,5.6,137700,362247.25,66.1,21.52,100.0335,368926,1046,79.3571,4.099523809523809,2.7738095238095237,22.11047619047619,2.97,0.6297225,0.020000000000000018,Hike,Medium,1.3257142857142856
2008-07-01,2.01,219.016,90.245,2.462727272727273,2.4386363636363635,5.8,137497,413883,66.1,21.6,99.676,367594,923,79.0325,4.007727272727273,2.5731818181818182,24.32181818181818,3.15,0.73781,0.009999999999999787,Hike,Medium,1.4345454545454546
2008-08-01,2,218.69,90.172,1.9938095238095237,2.2095238095238097,6.1,137211,360319.6,66.1,21.7,98.1111,364611,844,77.7251,3.8857142857142857,2.4204761904761907,20.695714285714285,3.26,0.718692,-0.009999999999999787,Cut,Medium,1.465238095238095
2008-09-01,1.81,218.877,90.247,1.3309523809523809,1.8361904761904762,6.1,136760,376895.5,66,21.73,93.7895,358991,820,74.2216,3.6861904761904762,2.0761904761904764,30.23857142857143,3.62,1.383465,-0.18999999999999995,Cut,Medium,1.6099999999999999
2008-10-01,0.97,216.995,89.651,-0.027727272727272736,1.0618181818181818,6.5,136291,436607.25,66,21.76,94.7219,346137,777,74.8669,3.814090909090909,1.6122727272727273,61.17739130434783,5.07,2.471516,-0.8400000000000001,Cut,Medium,2.2018181818181817
2008-11-01,0.39,213.153,88.593,-1.3988888888888888,0.6383333333333333,6.8,135541,533118,65.9,21.86,93.4715,332498,652,73.782,3.526666666666667,1.2127777777777777,62.66894736842105,5.68,2.9794625,-0.58,Cut,Medium,2.313888888888889
2008-12-01,0.16,211.398,88.098,-0.24,0.24636363636363637,7.3,134847,706759.75,65.8,21.95,90.8357,324767,560,71.607,2.4163636363636365,0.8209090909090909,52.405,6.01,2.9015275,-0.23,Cut,Medium,1.5954545454545457
2009-01-01,0.15,211.933,88.108,0.011499999999999998,0.6055,7.8,134079,751011,65.7,21.96,88.57,329787,490,69.7304,2.5175,0.8069999999999999,44.683,5.62,2.306882,-0.010000000000000009,Cut,Medium,1.7105000000000001
2009-02-01,0.22,212.705,88.266,0.5821052631578947,1.1178947368421053,8.3,133318,645399.5,65.8,21.98,88.031,328376,582,69.2326,2.87,0.9752631578947368,45.57052631578947,5.21,2.1080525,0.07,Hike,Medium,1.8947368421052633
2009-03-01,0.18,212.495,88.169,0.5886363636363636,1.1104545454545456,8.7,132494,610798.25,65.6,22.05,86.6528,322634,505,68.0889,2.8195454545454544,0.9313636363636364,44.79545454545455,5.6,2.0427275,-0.04000000000000001,Cut,Medium,1.888181818181818
2009-04-01,0.15,212.709,88.295,0.7476190476190476,1.3595238095238096,9,131822,603455.5,65.7,22.1,85.9344,324323,478,67.4762,2.927142857142857,0.9271428571428572,38.063809523809525,5.46,1.5834625,-0.03,Cut,Medium,2
2009-05-01,0.18,213.022,88.387,1.063,1.576,9.4,131466,537335.2,65.7,22.12,85.0665,327011,540,66.7676,3.293,0.9295,31.978,4.77,1.03328,0.03,Hike,Medium,2.3635
2009-06-01,0.21,214.79,88.912,1.5259090909090909,1.8595454545454546,9.5,131008,569838.25,65.7,22.14,84.7459,332227,585,66.5138,3.7218181818181817,1.184090909090909,29.140454545454546,3.78,0.7722,0.03,Hike,Medium,2.5377272727272726
2009-07-01,0.16,214.726,88.922,1.2840909090909092,1.7395454545454545,9.5,130662,592520.5,65.5,22.18,85.7027,333670,594,67.29,3.5622727272727275,1.019090909090909,26.162727272727274,3.53,0.549252,-0.04999999999999999,Cut,Medium,2.5431818181818184
2009-08-01,0.16,215.445,89.18,1.2814285714285714,1.8133333333333332,9.6,130472,468175.4,65.4,22.23,86.6426,339586,586,68.0795,3.587142857142857,1.1152380952380951,25.337142857142858,2.99,0.2884825,0,Hold,Medium,2.471904761904762
2009-09-01,0.15,215.861,89.324,1.3433333333333333,1.76,9.8,130246,443891.75,65.1,22.27,87.4063,330998,585,68.7549,3.401904761904762,0.9561904761904761,24.926666666666666,2.91,0.14827,-0.010000000000000009,Cut,Medium,2.4457142857142857
2009-10-01,0.12,216.509,89.663,1.5004761904761905,1.9042857142857144,10,130061,484431.6,65,22.31,87.6419,334595,534,69.0357,3.3876190476190478,0.949047619047619,24.252272727272725,2.9,0.046146,-0.03,Cut,Medium,2.4385714285714286
2009-11-01,0.12,217.234,89.887,1.7463157894736843,2.1273684210526316,9.9,130057,506423,65,22.34,88.0221,337321,588,69.447,3.4026315789473682,0.8031578947368421,23.789,2.92,-0.00828,0,Hold,Medium,2.599473684210526
2009-12-01,0.12,217.347,89.939,1.9086363636363637,2.2254545454545456,9.9,129808,591995.5,64.6,22.37,88.3793,338736,581,69.8541,3.59,0.8745454545454545,21.239545454545453,2.78,-0.1033425,0,Hold,Medium,2.7154545454545453
2010-01-01,0.11,217.488,90.136,2.066315789473684,2.358421052631579,9.8,129802,636509.4,64.8,22.4,89.3426,339093,614,70.7532,3.7331578947368422,0.9289473684210526,20.64315789473684,2.52,-0.195928,-0.009999999999999995,Cut,Medium,2.8042105263157895
2010-02-01,0.13,217.281,90.134,1.9478947368421051,2.272105263157895,9.8,129706,481840.75,64.9,22.46,89.6779,339580,604,71.1612,3.6910526315789474,0.8568421052631578,22.54,2.65,-0.213745,0.020000000000000004,Hike,Medium,2.8342105263157897
2010-03-01,0.16,217.353,90.261,1.8717391304347826,2.219130434782609,9.9,129866,431879.25,64.9,22.46,90.2928,346974,636,71.7964,3.727391304347826,0.9586956521739131,17.767391304347825,2.54,-0.3516675,0.03,Hike,Medium,2.768695652173913
2010-04-01,0.2,217.403,90.31,1.960909090909091,2.3459090909090907,9.9,130120,450319,65.2,22.49,90.5991,349869,687,72.1905,3.8468181818181817,1.0604545454545455,17.424285714285713,2.4,-0.421514,0.04000000000000001,Hike,Medium,2.786363636363636
2010-05-01,0.2,217.29,90.339,1.7705,2.113,9.6,130642,411580,64.9,22.51,91.823,346858,583,73.3146,3.42,0.8305,31.9295,2.63,-0.1663475,0,Hold,Medium,2.5895
2010-06-01,0.18,217.199,90.301,1.6518181818181819,1.9472727272727273,9.4,130510,429740.25,64.6,22.53,91.9928,346516,536,73.5918,3.204090909090909,0.7245454545454545,29.916363636363638,3.03,-0.046005000000000004,-0.020000000000000018,Cut,Medium,2.4795454545454545
2010-07-01,0.18,217.605,90.378,1.4223809523809523,1.7704761904761905,9.4,130415,460848.2,64.6,22.59,92.3421,347612,546,74.0009,3.0114285714285716,0.6166666666666667,25.565238095238094,3,-0.181916,0,Hold,Medium,2.394761904761905
2010-08-01,0.19,217.923,90.502,1.3363636363636364,1.6768181818181818,9.5,130415,399761.25,64.7,22.62,92.6805,349188,599,74.3883,2.6986363636363637,0.5204545454545455,24.74590909090909,2.96,-0.265415,0.010000000000000009,Hike,Medium,2.178181818181818
2010-09-01,0.19,218.275,90.592,1.279047619047619,1.7385714285714287,9.5,130341,369636.5,64.6,22.67,92.9537,352179,594,74.7076,2.6476190476190475,0.48,22.517619047619046,3.01,-0.30228750000000004,0,Hold,Medium,2.1676190476190476
2010-10-01,0.19,219.035,90.881,1.5070000000000001,2.015,9.4,130620,411990,64.4,22.73,92.6903,356215,543,74.58,2.54,0.376,20.373333333333335,3.18,-0.397266,0,Hold,Medium,2.164
2010-11-01,0.19,219.59,91.062,1.5555,2.097,9.8,130749,434986,64.6,22.73,92.7709,359450,545,74.7131,2.763,0.454,20.095714285714287,3.16,-0.445485,0,Hold,Medium,2.3089999999999997
2010-12-01,0.18,220.472,91.268,1.7295454545454545,2.246818181818182,9.3,130830,524686.25,64.3,22.76,93.6787,361979,539,75.4968,3.290909090909091,0.6181818181818182,17.569545454545455,2.81,-0.485796,-0.010000000000000009,Cut,Medium,2.672727272727273
2011-01-01,0.17,221.187,91.542,1.9304999999999999,2.3335,9.1,130837,570563.2,64.2,22.87,93.4814,364394,630,75.3741,3.394,0.6145,17.3155,2.7,-0.5710325,-0.009999999999999981,Cut,Medium,2.7795
2011-02-01,0.16,221.898,91.797,2.011052631578947,2.338421052631579,9,131057,399972,64.1,22.87,93.1102,367475,517,75.0928,3.5763157894736843,0.7726315789473684,17.43,2.57,-0.5888774999999999,-0.010000000000000009,Cut,Medium,2.803684210526316
2011-03-01,0.14,223.046,92.166,2.201739130434783,2.4504347826086956,9,131283,372733.5,64.2,22.87,94.0788,370775,600,75.8747,3.4143478260869564,0.6973913043478261,20.723478260869566,2.62,-0.5494825,-0.01999999999999999,Cut,Medium,2.7169565217391303
2011-04-01,0.1,224.093,92.557,2.3115,2.5915,9.1,131597,397504.2,64.2,22.91,93.7749,372820,554,75.6127,3.455,0.7345,16.244,2.56,-0.582532,-0.04000000000000001,Cut,Medium,2.7205
2011-05-01,0.09,224.806,92.838,2.177619047619048,2.39,9,131703,379359.75,64.1,22.97,93.888,372505,561,75.6684,3.1685714285714286,0.5552380952380952,16.911428571428573,2.61,-0.5796475,-0.010000000000000009,Cut,Medium,2.6133333333333333
2011-06-01,0.09,224.806,92.819,1.9554545454545453,2.246818181818182,9.1,131931,392085.75,64,23,94.172,375587,608,75.8425,3.0022727272727274,0.41045454545454546,19.153181818181817,2.75,-0.5321125,0,Hold,Medium,2.591818181818182
2011-07-01,0.07,225.395,92.977,2.032,2.3795,9,131992,415999.8,64,23.11,94.636,375442,623,76.1431,3.003,0.4065,19.2275,2.76,-0.465596,-0.01999999999999999,Cut,Medium,2.5965000000000003
2011-08-01,0.1,226.106,93.196,1.7691304347826087,2.167826086956522,9,132125,345513.25,64.1,23.06,95.2749,375860,585,76.5667,2.3030434782608697,0.23043478260869565,35.02913043478261,3.06,-0.2305575,0.03,Hike,Medium,2.072608695652174
2011-09-01,0.08,226.597,93.327,1.6157142857142857,1.8976190476190475,9,132344,339835.75,64.2,23.11,95.1961,380042,650,76.3992,1.9752380952380952,0.21142857142857144,36.53,3.29,-0.055496000000000004,-0.020000000000000004,Cut,Medium,1.7638095238095237
2011-10-01,0.07,226.75,93.329,1.696,1.966,8.8,132553,368533,64.1,23.18,95.8568,382207,610,76.8123,2.152,0.2805,32.82904761904762,3.22,-0.0789175,-0.009999999999999995,Cut,Medium,1.8715000000000002
2011-11-01,0.08,227.169,93.52,1.761,2.012,8.6,132690,394586.25,64.1,23.19,95.8485,383422,711,76.6783,2.0135,0.2535,31.941904761904762,3.13,-0.0906825,0.009999999999999995,Hike,Medium,1.76
2011-12-01,0.07,227.223,93.574,1.6695238095238094,2.0095238095238095,8.5,132888,484701,64,23.22,96.3571,383985,694,76.9495,1.9780952380952381,0.2571428571428572,25.047619047619047,3.27,-0.10139000000000001,-0.009999999999999995,Cut,Medium,1.720952380952381
2012-01-01,0.08,227.842,93.894,1.757,2.0745,8.3,133246,502702,63.7,23.26,96.9318,387531,723,77.2652,1.9665,0.2405,20.228,3.26,-0.2593825,0.009999999999999995,Hike,Medium,1.726
2012-02-01,0.1,228.329,94.104,1.9455,2.222,8.3,133509,361820,63.8,23.28,97.2435,392310,704,77.3673,1.9675,0.27799999999999997,18.4205,3.17,-0.38632,0.020000000000000004,Hike,Medium,1.6895
2012-03-01,0.13,228.807,94.284,2.045909090909091,2.314090909090909,8.2,133748,333441.2,63.8,23.36,96.74,393698,695,76.8194,2.172727272727273,0.34454545454545454,16.167272727272728,3.06,-0.432138,0.03,Hike,Medium,1.8281818181818184
2012-04-01,0.14,229.187,94.408,1.9523809523809523,2.2666666666666666,8.2,133825,366163.5,63.7,23.39,97.4359,392073,753,77.2234,2.052857142857143,0.2919047619047619,17.823,3.14,-0.4071975,0.010000000000000009,Hike,Medium,1.760952380952381
2012-05-01,0.16,228.713,94.302,1.885,2.1445454545454545,8.2,133932,335715.25,63.7,23.41,97.6609,391376,708,77.2546,1.8031818181818182,0.28500000000000003,21.00181818181818,3.27,-0.307535,0.01999999999999999,Hike,Medium,1.518181818181818
2012-06-01,0.16,228.524,94.254,1.759047619047619,2.1228571428571428,8.2,134013,361178,63.8,23.46,97.6663,387901,757,77.1149,1.6223809523809523,0.2919047619047619,21.13095238095238,3.4,-0.251552,0,Hold,Medium,1.3304761904761904
2012-07-01,0.16,228.59,94.288,1.7671428571428571,2.1285714285714286,8.2,134157,387790.75,63.7,23.49,97.8713,389686,740,77.137200000000007,1.5266666666666666,0.2480952380952381,17.565238095238094,3.34,-0.3350675,0,Hold,Medium,1.2785714285714285
2012-08-01,0.13,229.918,94.605,1.906086956521739,2.2639130434782606,8.1,134339,315574.5,63.5,23.48,97.4525,394524,754,76.672,1.6782608695652175,0.26869565217391306,15.689565217391305,3.23,-0.427182,-0.03,Cut,Medium,1.4095652173913045
2012-09-01,0.14,231.015,94.893,2.139473684210526,2.436315789473684,7.8,134517,308890.2,63.6,23.57,97.381,397681,847,76.4846,1.723157894736842,0.25526315789473686,15.284736842105263,3.12,-0.50705,0.010000000000000009,Hike,Medium,1.4678947368421051
2012-10-01,0.16,231.638,95.174,2.1742857142857144,2.494761904761905,7.8,134669,344451.5,63.8,23.56,97.7193,397494,915,76.6227,1.7461904761904763,0.27714285714285714,16.276190476190475,2.83,-0.547995,0.01999999999999999,Hike,Medium,1.4690476190476192
2012-11-01,0.16,231.249,95.109,2.048,2.4265,7.7,134825,400718.75,63.6,23.63,98.0777,399708,833,76.78,1.654,0.268,16.70190476190476,2.86,-0.551318,0,Hold,Medium,1.386
2012-12-01,0.16,231.221,95.094,2.0955,2.4765,7.9,135074,455699,63.7,23.72,98.3101,401093,976,76.8435,1.719,0.257,17.307,2.91,-0.583835,0,Hold,Medium,1.4620000000000002
2013-01-01,0.14,231.679,95.275,2.190952380952381,2.5233333333333334,8,135257,480599.5,63.7,23.74,98.3342,404434,888,76.7502,1.9147619047619047,0.2652380952380953,13.505238095238095,2.82,-0.6325125,-0.01999999999999999,Cut,Medium,1.6495238095238094
2013-02-01,0.15,232.937,95.614,2.2336842105263157,2.554736842105263,7.7,135546,353016.5,63.4,23.78,98.7941,409118,962,77.0029,1.9842105263157894,0.2673684210526316,14.072631578947368,2.87,-0.6509175,0.009999999999999981,Hike,Medium,1.716842105263158
2013-03-01,0.14,232.282,95.488,2.246,2.5425,7.5,135689,317710.6,63.3,23.8,99.1921,406223,1010,77.2135,1.9575,0.256,13.0315,2.89,-0.658568,-0.009999999999999981,Cut,Medium,1.7015
2013-04-01,0.15,231.797,95.391,2.0904545454545453,2.411363636363636,7.6,135873,336059,63.4,23.87,99.1065,404231,835,77.0553,1.759090909090909,0.23227272727272727,13.967272727272727,2.83,-0.689135,0.009999999999999981,Hike,Medium,1.5268181818181819
2013-05-01,0.11,231.893,95.461,1.9818181818181817,2.283181818181818,7.5,136096,311180,63.4,23.89,99.1839,406677,930,77.0307,1.9281818181818182,0.2504545454545455,13.493636363636364,2.8,-0.711564,-0.039999999999999994,Cut,Medium,1.6777272727272727
2013-06-01,0.09,232.445,95.673,1.793,2.0484999999999998,7.5,136279,327373.4,63.4,23.96,99.3897,407921,839,77.1119,2.3,0.3335,17.2715,2.89,-0.6499975,-0.020000000000000004,Cut,Medium,1.9665
2013-07-01,0.09,232.9,95.792,1.8577272727272727,2.122272727272727,7.3,136391,354233.5,63.3,23.98,99.0814,410268,880,76.8008,2.582272727272727,0.34090909090909094,13.974545454545455,2.74,-0.6466525000000001,0,Hold,Medium,2.2413636363636362
2013-08-01,0.08,233.456,95.934,1.8531818181818183,2.1845454545454546,7.2,136646,280388.6,63.3,24.02,99.6543,409691,917,77.1772,2.7372727272727273,0.3563636363636364,14.21,2.68,-0.6716679999999999,-0.009999999999999995,Cut,Medium,2.380909090909091
2013-09-01,0.08,233.544,95.976,1.7675,2.1455,7.2,136821,252469.25,63.2,24.06,100.161,410044,850,77.5046,2.8095,0.404,14.692,2.66,-0.6708725,0,Hold,Medium,2.4055
2013-10-01,0.09,233.669,96.103,1.7772727272727273,2.1872727272727275,7.2,137041,333564.25,62.8,24.09,100.082,411399,925,77.3802,2.6159090909090907,0.33545454545454545,15.407826086956522,2.69,-0.7085699999999999,0.009999999999999995,Hike,High,2.2804545454545453
2013-11-01,0.08,234.1,96.246,1.753157894736842,2.170526315789474,6.9,137317,342836,63,24.16,100.3158,412561,1100,77.4988,2.718421052631579,0.3036842105263158,12.924,2.66,-0.758282,-0.009999999999999995,Cut,High,2.4147368421052633
2013-12-01,0.09,234.719,96.414,1.6695238095238094,2.1633333333333336,6.7,137372,437240.5,62.9,24.18,100.5175,414812,1002,77.5927,2.901904761904762,0.34,14.192380952380953,2.48,-0.7794725,0.009999999999999995,Hike,High,2.561904761904762
2014-01-01,0.07,235.288,96.614,1.7380952380952381,2.2261904761904763,6.6,137561,449356.25,62.9,24.22,100.1599,411561,888,77.254,2.8580952380952382,0.39380952380952383,14.24095238095238,2.33,-0.77261,-0.01999999999999999,Cut,High,2.4642857142857144
2014-02-01,0.07,235.547,96.66,1.7742105263157895,2.157368421052632,6.7,137712,338376.5,62.9,24.33,100.9168,416736,944,77.7747,2.7094736842105265,0.3268421052631579,15.47,2.39,-0.77224,0,Hold,High,2.3826315789473687
2014-03-01,0.08,236.028,96.815,1.7771428571428571,2.1676190476190476,6.7,137985,295009.4,63.1,24.31,101.8942,421230,970,78.4628,2.723333333333333,0.39904761904761904,14.836666666666666,2.34,-0.78061,0.009999999999999995,Hike,High,2.3242857142857143
2014-04-01,0.09,236.468,96.987,1.8085714285714285,2.1623809523809525,6.2,138298,308816,62.8,24.34,101.9928,425546,1043,78.4705,2.705238095238095,0.41714285714285715,14.198095238095238,2.19,-0.77332,0.009999999999999995,Hike,High,2.288095238095238
2014-05-01,0.09,236.918,97.147,1.9357142857142857,2.190952380952381,6.3,138513,277285.8,62.9,24.4,102.3836,426253,1007,78.6999,2.559047619047619,0.38904761904761903,12.475238095238096,2.2,-0.781188,0,Hold,High,2.17
2014-06-01,0.1,237.231,97.253,1.9704761904761905,2.229047619047619,6.1,138849,306346.5,62.8,24.46,102.735,427305,911,78.8952,2.5985714285714288,0.4523809523809524,11.541428571428572,2.2,-0.79198,0.010000000000000009,Hike,High,2.146190476190476
2014-07-01,0.09,237.498,97.391,1.970909090909091,2.2627272727272727,6.2,139072,309496.5,62.9,24.48,102.9632,428079,1085,78.9933,2.5422727272727275,0.5063636363636363,12.296363636363637,2.19,-0.758085,-0.010000000000000009,Cut,High,2.035909090909091
2014-08-01,0.09,237.46,97.379,1.8414285714285714,2.196190476190476,6.1,139269,253118.8,62.9,24.54,102.7688,431379,984,78.7669,2.42,0.4723809523809524,13.491904761904761,2.27,-0.728088,0,Hold,High,1.9476190476190476
2014-09-01,0.09,237.477,97.413,1.6766666666666667,2.0733333333333333,5.9,139563,236106,62.8,24.56,103.0641,430189,1023,78.9218,2.5342857142857143,0.5666666666666667,13.466666666666667,2.27,-0.6988575,0,Hold,High,1.9676190476190476
2014-10-01,0.09,237.43,97.384,1.4813636363636364,1.92,5.7,139798,264699.5,62.9,24.59,103.0764,431903,1074,78.8663,2.304090909090909,0.44545454545454544,18.058695652173913,2.39,-0.646232,0,Hold,High,1.8586363636363639
2014-11-01,0.09,236.983,97.291,1.4777777777777779,1.88,5.8,140089,302793,62.9,24.66,103.7126,433113,1001,79.2962,2.3255555555555554,0.5272222222222223,13.413157894736843,2.46,-0.65428,0,Hold,High,1.7983333333333331
2014-12-01,0.12,236.252,97.12,1.2745454545454546,1.6968181818181818,5.6,140364,361923.75,62.8,24.63,103.7044,430110,1073,79.2419,2.2072727272727275,0.6354545454545455,16.292272727272728,2.53,-0.60475,0.03,Hike,High,1.571818181818182
2015-01-01,0.11,234.747,96.654,1.2085,1.607,5.7,140568,388218.6,62.9,24.74,102.8905,428208,1085,78.5803,1.8815,0.5515,19.1195,2.57,-0.521474,-0.009999999999999995,Cut,High,1.33
2015-02-01,0.11,235.342,96.825,1.3621052631578947,1.7152631578947368,5.5,140827,299566.75,62.7,24.79,102.2335,427119,886,78.055,1.9752631578947368,0.6189473684210527,15.90421052631579,2.53,-0.514445,0,Hold,High,1.3563157894736841
2015-03-01,0.11,235.976,97.008,1.4772727272727273,1.7618181818181817,5.4,140923,256486.75,62.6,24.85,101.8914,433647,960,77.7804,2.042727272727273,0.6404545454545455,14.812727272727273,2.5,-0.5345275,0,Hold,High,1.4022727272727273
2015-04-01,0.12,236.222,97.094,1.6177272727272727,1.8581818181818182,5.4,141196,273070.75,62.8,24.89,101.3355,434470,1190,77.3487,1.935,0.54,13.494761904761905,2.54,-0.5430075,0.009999999999999995,Hike,High,1.395
2015-05-01,0.12,237.001,97.327,1.6395,1.8655,5.6,141538,241409,62.9,24.97,100.8883,437865,1079,77.0092,2.1975,0.609,13.3385,2.69,-0.547162,0,Hold,High,1.5884999999999998
2015-06-01,0.13,237.657,97.516,1.6327272727272726,1.865909090909091,5.3,141709,268057,62.7,24.97,100.571,437951,1205,76.7774,2.3636363636363638,0.6886363636363636,14.339545454545455,2.77,-0.5439499999999999,0.010000000000000009,Hike,High,1.6750000000000003
2015-07-01,0.13,238.034,97.605,1.4954545454545454,1.820909090909091,5.2,141991,285329.75,62.6,25.01,101.2228,441942,1146,77.2924,2.3245454545454547,0.6677272727272727,14.352727272727272,2.88,-0.521028,0,Hold,High,1.656818181818182
2015-08-01,0.14,238.033,97.612,1.2295238095238095,1.6114285714285714,5.1,142125,229881.8,62.6,25.1,101.0367,441849,1130,77.1715,2.1671428571428573,0.6976190476190476,19.42809523809524,3.02,-0.44883,0.010000000000000009,Hike,High,1.4695238095238097
2015-09-01,0.14,237.498,97.477,1.1552380952380952,1.522857142857143,5,142275,216467,62.4,25.11,100.7547,439867,1224,76.9791,2.172857142857143,0.7133333333333333,24.377142857142857,3.17,-0.400965,0,Hold,High,1.4595238095238097
2015-10-01,0.12,237.733,97.477,1.1742857142857142,1.4985714285714287,5,142579,244072.6,62.5,25.2,100.2675,438693,1058,76.6282,2.07,0.6447619047619048,16.789545454545454,3.27,-0.44222,-0.020000000000000018,Cut,High,1.425238095238095
2015-11-01,0.12,238.017,97.538,1.2663157894736843,1.5705263157894738,5.1,142808,280991.5,62.5,25.25,99.5298,440303,1172,76.0819,2.263157894736842,0.8847368421052632,16.21,3.2,-0.4593375,0,Hold,High,1.378421052631579
2015-12-01,0.24,237.761,97.456,1.2386363636363635,1.5150000000000001,5,143077,340987.5,62.7,25.25,99.0417,442149,1146,75.7214,2.2427272727272727,0.9827272727272727,18.025454545454547,3.22,-0.392465,0.12,Hike,High,1.26
2016-01-01,0.34,237.652,97.496,1.1905263157894737,1.42,4.8,143210,378979,62.7,25.37,99.5607,439466,1092,76.1248,2.0852631578947367,0.8994736842105263,23.717894736842105,3.36,-0.316934,0.10000000000000003,Hike,High,1.1857894736842103
2016-02-01,0.38,237.336,97.445,1.0835,1.3075,4.9,143406,265962,62.8,25.38,99.0445,443117,1225,75.7291,1.7795,0.7335,22.517,3.56,-0.300595,0.03999999999999998,Hike,High,1.046
2016-03-01,0.36,238.08,97.673,1.4090909090909092,1.5518181818181818,5,143662,237778.5,63,25.45,98.3096,441856,1111,75.1587,1.8890909090909092,0.875,15.84909090909091,3.24,-0.35174,-0.020000000000000018,Cut,High,1.0140909090909092
2016-04-01,0.37,238.992,97.993,1.4819047619047618,1.6147619047619048,5.1,143854,249257.2,62.9,25.53,98.6421,444254,1163,75.3969,1.8052380952380953,0.768095238095238,14.300476190476191,2.98,-0.382116,0.010000000000000009,Hike,High,1.0371428571428574
2016-05-01,0.37,239.557,98.153,1.5204761904761905,1.5942857142857143,4.8,143900,248576.5,62.7,25.58,98.4184,445490,1148,75.2034,1.8061904761904761,0.8161904761904762,14.852857142857143,2.87,-0.3794925,0,Hold,High,0.9899999999999999
2016-06-01,0.38,240.222,98.325,1.4359090909090908,1.47,4.9,144147,252551.75,62.7,25.62,98.8833,450237,1203,75.5298,1.644090909090909,0.7313636363636363,17.774545454545454,2.89,-0.35757,0.010000000000000009,Hike,High,0.9127272727272727
2016-07-01,0.39,240.101,98.342,1.3885,1.4655,4.8,144520,257152.6,62.8,25.69,98.9992,449789,1239,75.5839,1.504,0.6725,13.1585,2.72,-0.350694,0.010000000000000009,Hike,High,0.8315
2016-08-01,0.4,240.545,98.479,1.3034782608695652,1.4682608695652173,4.9,144661,220952.75,62.9,25.71,98.85,449946,1171,75.432,1.556521739130435,0.7373913043478261,12.399565217391304,2.68,-0.3587375,0.010000000000000009,Hike,High,0.8191304347826088
2016-09-01,0.4,241.176,98.666,1.3495238095238096,1.5147619047619048,5,144967,203777.5,62.9,25.77,98.7457,453056,1068,75.3145,1.6304761904761904,0.77095238095238094,14.21952380952381,2.68,-0.339646,0,Hold,High,0.8595238095238095
2016-10-01,0.4,241.741,98.868,1.5325,1.667,4.9,145065,231147,62.8,25.9,98.7611,453847,1313,75.2918,1.7645,0.843,14.585238095238095,2.62,-0.361195,0,Hold,High,0.9215
2016-11-01,0.41,242.026,98.901,1.6615,1.822,4.7,145183,254986.5,62.7,25.9,98.3491,453892,1140,74.9498,2.142,0.9795,15.236190476190476,2.57,-0.41056000000000004,0.009999999999999953,Hike,High,1.1624999999999999
2016-12-01,0.54,242.637,99.071,1.810952380952381,1.9357142857142857,4.7,145408,333138,62.7,25.93,99.0214,459305,1252,75.4424,2.491904761904762,1.1966666666666668,12.472380952380952,2.34,-0.45392,0.13000000000000006,Hike,High,1.295238095238095
2017-01-01,0.65,243.618,99.451,1.8855,2.0115,4.7,145628,333138.5,62.8,26,98.7611,464412,1190,75.2339,2.4325,1.2065,11.6085,2.23,-0.48064999999999997,0.10999999999999999,Hike,High,1.2260000000000002
2017-02-01,0.66,244.006,99.586,1.8868421052631579,2.0189473684210526,4.6,145846,239437.5,62.9,26.07,98.3646,464284,1271,74.9346,2.4189473684210525,1.2010526315789474,11.530526315789475,2.22,-0.48975250000000004,0.010000000000000009,Hike,High,1.2178947368421051
2017-03-01,0.79,243.892,99.535,1.8365217391304347,1.996086956521739,4.4,145970,229787,62.9,26.11,99.0137,463674,1190,75.4439,2.4817391304347827,1.3130434782608695,11.897826086956522,2.2,-0.482358,0.13,Hike,High,1.1686956521739131
2017-04-01,0.9,244.193,99.725,1.7484210526315789,1.9063157894736842,4.4,146175,225320,63,26.18,100.0224,465276,1146,76.2392,2.2973684210526315,1.2410526315789474,13.136315789473684,2.27,-0.49504000000000004,0.10999999999999999,Hike,High,1.056315789473684
2017-05-01,0.91,244.004,99.682,1.7463636363636363,1.836818181818182,4.4,146380,216156.75,62.8,26.21,100.1408,462754,1157,76.368,2.3036363636363637,1.3018181818181818,10.862272727272728,2.25,-0.532215,0.010000000000000009,Hike,High,1.001818181818182
2017-06-01,1.04,244.163,99.766,1.6327272727272728,1.7286363636363635,4.3,146583,228966.5,62.8,26.26,100.3471,465130,1249,76.5758,2.186818181818182,1.3422727272727273,10.513636363636364,2.18,-0.562322,0.13,Hike,High,0.8445454545454547
2017-07-01,1.15,244.243,99.803,1.6415,1.772,4.3,146772,242841.8,62.9,26.35,100.1068,465089,1206,76.4534,2.318,1.3725,10.2645,2.07,-0.5762175,0.10999999999999988,Hike,High,0.9455
2017-08-01,1.16,245.183,100.027,1.6147826086956523,1.7756521739130435,4.4,146919,200390.25,62.9,26.37,99.6925,466020,1159,76.2067,2.2091304347826086,1.335217391304348,11.975652173913044,2.1,-0.5671125,0.010000000000000009,Hike,High,0.8739130434782607
2017-09-01,1.15,246.435,100.4,1.682,1.834,4.3,147008,218406,63.1,26.49,99.7954,475724,1181,76.3591,2.202,1.3845,10.438,2.1,-0.562222,-0.010000000000000009,Cut,High,0.8174999999999999
2017-10-01,1.15,246.626,100.531,1.7314285714285713,1.861904761904762,4.2,147149,216703.5,62.7,26.5,101.0247,476107,1257,77.3753,2.36,1.5495238095238095,10.125454545454545,1.96,-0.5873775,0,Hold,High,0.8104761904761904
2017-11-01,1.16,247.284,100.675,1.752857142857143,1.8576190476190477,4.2,147372,244655,62.7,26.54,101.2664,480949,1273,77.6337,2.3533333333333335,1.6966666666666665,10.540476190476191,1.92,-0.6032525,0.010000000000000009,Hike,High,0.656666666666667
2017-12-01,1.3,247.805,100.821,1.766,1.8995,4.1,147523,314453.2,62.7,26.63,101.4644,483586,1177,77.8538,2.4025,1.844,10.2645,1.82,-0.611164,0.14000000000000012,Hike,High,0.5584999999999998
2018-01-01,1.41,248.859,101.199,1.9366666666666665,2.0438095238095237,4,147660,321816.75,62.7,26.72,101.4625,481414,1299,77.9138,2.5838095238095238,2.031904761904762,11.062380952380952,1.68,-0.6168575000000001,0.10999999999999988,Hike,High,0.5519047619047619
2018-02-01,1.42,249.529,101.416,1.9652631578947368,2.101578947368421,4.1,148054,221394.25,63,26.74,101.7085,484031,1277,78.1508,2.8589473684210525,2.175263157894737,22.464736842105264,1.65,-0.569125,0.010000000000000009,Hike,High,0.6836842105263155
2018-03-01,1.51,249.577,101.524,2.0214285714285714,2.0904761904761906,4,148280,205243.4,62.9,26.85,102.2067,484110,1318,78.5697,2.8423809523809522,2.275714285714286,19.023809523809526,1.8,-0.511184,0.09000000000000008,Hike,High,0.5666666666666664
2018-04-01,1.69,250.227,101.766,2.0495238095238095,2.1276190476190475,4,148420,211109.75,62.9,26.91,103.3329,484154,1276,79.4597,2.869047619047619,2.3842857142857143,18.267619047619046,1.8,-0.5204125,0.17999999999999994,Hike,High,0.4847619047619047
2018-05-01,1.7,250.792,101.941,2.1018181818181816,2.1418181818181816,3.8,148742,198841.25,62.9,26.98,102.4024,491960,1357,78.7526,2.9777272727272726,2.5118181818181817,14.124545454545455,1.85,-0.5614075000000001,0.010000000000000009,Hike,High,0.46590909090909083
2018-06-01,1.82,251.018,102.029,2.0676190476190475,2.1176190476190477,4,148960,213828,63,27.03,103.198,490228,1192,79.356,2.9123809523809525,2.533333333333333,13.678095238095239,1.92,-0.54916,0.1200000000000001,Hike,High,0.3790476190476193
2018-07-01,1.91,251.214,102.137,2.0423809523809524,2.1142857142857143,3.8,149020,219568.75,63,27.1,103.3646,493142,1208,79.4588,2.889047619047619,2.6066666666666665,13.147619047619047,1.9,-0.5509149999999999,0.08999999999999986,Hike,High,0.2823809523809526
2018-08-01,1.91,251.663,102.208,1.9826086956521738,2.0991304347826087,3.8,149277,178572,62.6,27.21,104.0327,493445,1288,79.9322,2.889130434782609,2.6356521739130434,12.54695652173913,1.88,-0.586992,0,Hold,High,0.2534782608695654
2018-09-01,1.95,252.182,102.418,2.008421052631579,2.1231578947368424,3.7,149358,170923.4,62.8,27.32,104.1004,491507,1250,79.9314,3.0042105263157897,2.767894736842105,12.910526315789474,1.88,-0.5984125,0.040000000000000036,Hike,High,0.23631578947368448
2018-10-01,2.19,252.772,102.595,1.9872727272727273,2.1113636363636363,3.8,149527,195425,62.9,27.37,103.9856,496416,1221,79.7802,3.1522727272727273,2.860909090909091,19.35217391304348,1.92,-0.570735,0.24,Hike,High,0.2913636363636365
2018-11-01,2.2,252.594,102.63,1.8445,2.004,3.8,149617,224007.25,62.9,27.44,104.0681,498854,1181,79.7722,3.117,2.859,19.38904761904762,2.1,-0.499756,0.010000000000000231,Hike,High,0.258
2018-12-01,2.27,252.767,102.701,1.601578947368421,1.8163157894736843,3.9,149809,290725,63,27.56,104.0936,489113,1095,79.7142,2.8326315789473684,2.676315789473684,24.953157894736844,2.3,-0.4283925,0.06999999999999984,Hike,High,0.1563157894736844
2019-01-01,2.4,252.561,102.648,1.628095238095238,1.7938095238095237,4,150060,303577,63.1,27.59,103.4021,490440,1226,79.1024,2.7138095238095237,2.5433333333333334,19.572380952380954,2.41,-0.4710125,0.1299999999999999,Hike,High,0.17047619047619023
2019-02-01,2.4,253.319,102.836,1.7573684210526317,1.8768421052631579,3.8,150067,227688.25,63.1,27.69,102.8371,491751,1121,78.5877,2.6763157894736844,2.504210526315789,15.234736842105264,2.27,-0.5579175000000001,0,Hold,High,0.1721052631578952
2019-03-01,2.41,254.277,103.069,1.8161904761904761,1.9128571428571428,3.8,150295,199595,63,27.77,102.8757,499292,1191,78.5337,2.570952380952381,2.4095238095238094,14.485238095238095,2.27,-0.599596,0.010000000000000231,Hike,High,0.16142857142857148
2019-04-01,2.42,255.233,103.36,1.8385714285714287,1.9366666666666665,3.7,150591,202238,62.8,27.79,102.274,499343,1272,77.9898,2.532380952380952,2.3447619047619046,12.949047619047619,2.17,-0.6140924999999999,0.009999999999999787,Hike,High,0.18761904761904757
2019-05-01,2.39,255.296,103.435,1.7081818181818182,1.8263636363636364,3.6,150618,195605.5,62.9,27.88,102.392,504741,1293,77.9962,2.395,2.2063636363636365,16.721818181818183,2.23,-0.596362,-0.029999999999999805,Cut,High,0.1886363636363635
2019-06-01,2.38,255.213,103.484,1.549,1.7,3.6,150838,213213.6,63,27.97,102.4375,505251,1243,77.9493,2.074,1.814,15.836,2.39,-0.573805,-0.010000000000000231,Cut,High,0.2599999999999998
2019-07-01,2.4,255.802,103.622,1.5795454545454546,1.7527272727272727,3.7,150937,212723.75,63.1,28.03,101.9408,509091,1240,77.4935,2.059090909090909,1.835,13.305909090909092,2.22,-0.5796075,0.020000000000000018,Hike,High,0.22409090909090912
2019-08-01,2.13,256.036,103.67,1.3804545454545454,1.5863636363636364,3.6,151169,178912.4,63.1,28.14,102.639,512561,1375,77.949700000000007,1.6263636363636365,1.5713636363636363,18.97909090909091,2.24,-0.5483979999999999,-0.27,Cut,High,0.05500000000000016
2019-09-01,2.04,256.43,103.733,1.3935,1.587,3.5,151365,170459.5,63.2,28.16,102.2917,509282,1311,77.6205,1.6995,1.648,15.559,2.21,-0.514435,-0.08999999999999986,Cut,High,0.0515000000000001
2019-10-01,1.83,257.155,103.917,1.4022727272727273,1.560909090909091,3.6,151460,193816,63.3,28.24,101.4281,510648,1325,76.9099,1.7068181818181818,1.5513636363636363,15.466521739130435,2.21,-0.530065,-0.20999999999999996,Cut,High,0.1554545454545455
2019-11-01,1.55,257.879,104.024,1.548421052631579,1.6405263157894736,3.6,151667,228353.6,63.3,28.34,101.9372,514215,1353,77.252,1.8121052631578947,1.6126315789473684,12.5235,2.13,-0.570854,-0.28,Cut,High,0.19947368421052625
2019-12-01,1.55,258.63,104.307,1.6214285714285714,1.7180952380952381,3.6,151794,297045,63.3,28.38,101.7003,515866,1548,77.0416,1.8628571428571428,1.6133333333333333,13.756666666666666,2.02,-0.5554275,0,Hold,High,0.24952380952380948
2020-01-01,1.55,259.127,104.49,1.6523809523809523,1.720952380952381,3.6,152031,295816.5,63.3,28.43,101.0338,515119,1581,76.519,1.7576190476190476,1.519047619047619,13.940952380952382,2.01,-0.60193,0,Hold,High,0.23857142857142866
2020-02-01,1.58,259.25,104.573,1.5810526315789475,1.6157894736842104,3.5,152293,213741.6,63.3,28.54,101.3735,515330,1549,76.7764,1.5042105263157894,1.3310526315789473,19.628947368421052,2.11,-0.4653675,0.030000000000000027,Hike,High,0.17315789473684218
2020-03-01,0.65,258.076,104.271,0.6745454545454546,0.9868181818181818,4.4,150895,2336973.75,62.6,28.73,97.4078,468324,1266,73.7887,0.87,0.4481818181818182,57.73681818181818,3.42,0.0915875,-0.93,Cut,High,0.4218181818181818
2020-04-01,0.05,256.032,103.838,0.7585714285714286,1.1033333333333333,14.8,130426,4686939,60.1,30.04,84.5619,401028,936,64.0847,0.6576190476190477,0.22476190476190477,41.453809523809525,3.47,0.25869,-0.6,Cut,High,0.4328571428571429
2020-05-01,0.05,255.802,103.942,0.765,1.1155,13.2,133040,2158497.2,60.8,29.72,85.9604,478449,1039,65.1874,0.674,0.1705,30.897,3.28,-0.110518,0,Hold,High,0.5035000000000001
2020-06-01,0.08,257.042,104.27,1.0140909090909092,1.2731818181818182,11,137671,1471080.5,61.5,29.38,91.5934,518038,1266,69.5218,0.7286363636363636,0.185,31.119545454545456,2.91,-0.35233000000000003,0.03,Hike,High,0.5436363636363637
2020-07-01,0.09,258.352,104.578,1.3131818181818182,1.4563636363636363,10.2,139255,1368789,61.5,29.39,95.0256,526304,1526,72.2103,0.6236363636363637,0.1481818181818182,26.840454545454545,2.69,-0.439616,0.009999999999999995,Hike,High,0.47545454545454546
2020-08-01,0.1,259.316,104.87,1.5504761904761906,1.6614285714285715,8.4,140821,866361.8,61.7,29.49,95.9549,530735,1396,73.0192,0.65,0.13952380952380952,22.88952380952381,2.62,-0.501655,0.010000000000000009,Hike,High,0.5104761904761905
2020-09-01,0.09,259.997,105.057,1.5323809523809524,1.6561904761904762,7.8,141770,796900.75,61.4,29.51,95.9669,541302,1473,73.1451,0.6795238095238095,0.13476190476190478,27.64761904761905,2.68,-0.4997125,-0.010000000000000009,Cut,High,0.5447619047619048
2020-10-01,0.09,260.319,105.151,1.5609523809523809,1.7038095238095237,6.9,142460,753800,61.7,29.54,96.7394,539114,1543,73.8636,0.7871428571428571,0.14952380952380953,29.438636363636363,2.65,-0.494526,0,Hold,High,0.6376190476190476
2020-11-01,0.09,260.911,105.258,1.6252631578947367,1.7121052631578948,6.7,142733,741695.25,61.5,29.64,97.0816,533941,1543,74.2637,0.87,0.16578947368421054,24.9955,2.43,-0.543725,0,Hold,High,0.7042105263157894
2020-12-01,0.09,262.045,105.699,1.8654545454545455,1.9159090909090908,6.7,142548,887973.5,61.5,29.91,98.363,538548,1614,75.3903,0.9336363636363636,0.13590909090909092,22.37409090909091,2.23,-0.59294,0,Hold,High,0.7977272727272726
2021-01-01,0.09,262.687,106.147,2.103157894736842,2.081578947368421,6.4,142863,917776.6,61.4,29.93,98.8822,559230,1630,75.9401,1.0810526315789475,0.13105263157894737,24.91,2.16,-0.615334,0,Hold,High,0.9500000000000002
2021-02-01,0.08,263.579,106.5,2.311578947368421,2.18,6.2,143380,786140.75,61.4,30.05,95.6149,544891,1404,73.5725,1.2578947368421052,0.11526315789473685,23.140526315789472,2.16,-0.623785,-0.009999999999999995,Cut,High,1.1426315789473684
2021-03-01,0.07,264.961,107.054,2.4969565217391305,2.2752173913043476,6.1,144232,699160.5,61.5,30.03,98.3856,603581,1696,75.8472,1.6108695652173912,0.14695652173913043,21.84304347826087,2.13,-0.6390399999999999,-0.009999999999999995,Cut,High,1.4639130434782608
2021-04-01,0.07,266.614,107.618,2.5295454545454543,2.3495454545454546,6.1,144587,620849.75,61.6,30.22,98.5587,608961,1495,76.1216,1.635,0.16318181818181818,17.416190476190476,1.97,-0.669116,0,Hold,High,1.471818181818182
2021-05-01,0.06,268.383,108.175,2.6495,2.468,5.8,145065,459351.8,61.6,30.41,99.4333,605282,1589,76.931,1.621,0.155,19.7605,2,-0.68989,-0.010000000000000009,Cut,High,1.466
2021-06-01,0.08,270.654,108.76,2.464545454545455,2.3427272727272728,5.9,145820,382889.75,61.7,30.54,99.7987,611950,1650,77.3367,1.519090909090909,0.20272727272727273,16.956818181818182,1.92,-0.6911425,0.020000000000000004,Hike,High,1.3163636363636364
2021-07-01,0.1,271.903,109.256,2.4966666666666666,2.3276190476190477,5.4,146762,369959.2,61.8,30.66,100.2519,601817,1597,77.7972,1.3185714285714285,0.21952380952380954,17.60333333333333,1.92,-0.667654,0.020000000000000004,Hike,High,1.099047619047619
2021-08-01,0.09,272.676,109.674,2.4936363636363637,2.3486363636363636,5.1,147314,305621.5,61.7,30.78,100.0437,605533,1594,77.7308,1.2831818181818182,0.21727272727272728,17.472727272727273,1.96,-0.64811,-0.010000000000000009,Cut,High,1.065909090909091
2021-09-01,0.08,273.91,110.034,2.4966666666666666,2.3442857142857143,4.7,147771,289827.25,61.7,30.98,98.8579,609671,1577,76.8871,1.3747619047619049,0.24095238095238095,19.824761904761903,1.86,-0.6511075,-0.009999999999999995,Cut,High,1.1338095238095238
2021-10-01,0.08,276.55,110.762,2.745,2.535,4.5,148572,257753.2,61.8,31.14,100.1861,618573,1579,77.9838,1.5825,0.3925,17.87142857142857,1.77,-0.642296,0,Hold,High,1.19
2021-11-01,0.08,278.919,111.5,2.9825,2.616,4.1,149230,241725,61.9,31.23,100.8654,624874,1705,78.562,1.5594999999999999,0.508,18.500476190476192,1.72,-0.5767675,0,Hold,High,1.0514999999999999
2021-12-01,0.08,280.845,112.191,2.749090909090909,2.458181818181818,3.9,149816,265293,62,31.39,100.5726,619938,1722,78.3687,1.465,0.68,21.354545454545455,1.84,-0.5439700000000001,0,Hold,High,0.785
2022-01-01,0.08,282.543,112.805,2.797,2.4495,4,150006,318591.6,62.2,31.6,100.1856,631509,1702,78.088,1.764,0.9805,23.181,1.82,-0.5551275,0,Hold,High,0.7835
2022-02-01,0.08,284.5,113.471,2.8705263157894736,2.457894736842105,3.9,150825,221266.25,62.3,31.64,100.8064,638101,1735,78.5777,1.9342105263157894,1.4352631578947368,25.748421052631578,2.04,-0.480965,0,Hold,High,0.4989473684210526
2022-03-01,0.2,287.674,114.469,3.4108695652173915,2.8465217391304347,3.7,151315,201172.25,62.4,31.8,101.3907,651027,1712,79.0253,2.1278260869565218,1.9095652173913042,26.968695652173913,2.16,-0.38694249999999997,0.12000000000000001,Hike,High,0.2182608695652175
2022-04-01,0.33,288.561,114.812,3.3155,2.884,3.7,151623,203003,62.2,31.96,101.44,660194,1820,79.0418,2.7475,2.5380000000000003,24.3735,1.91,-0.356304,0.13,Hike,High,0.2094999999999998
2022-05-01,0.77,291.298,115.525,3.027142857142857,2.6885714285714286,3.6,151924,189146.75,62.3,32.1,101.3335,659847,1531,78.9224,2.8980952380952383,2.6166666666666667,29.313636363636363,2.22,-0.2888825,0.44,Hike,High,0.2814285714285716
2022-06-01,1.21,294.957,116.638,2.893333333333333,2.6176190476190477,3.6,152358,201447.75,62.2,32.19,101.018,666113,1551,78.6259,3.1433333333333335,2.998095238095238,28.23318181818182,2.13,-0.2015925,0.43999999999999995,Hike,High,0.1452380952380956
2022-07-01,1.68,294.913,116.631,2.5835,2.362,3.5,153072,219301.6,62.1,32.34,101.223,659550,1381,78.7204,2.896,3.036,24.995238095238093,2.31,-0.187382,0.47,Hike,High,-0.14000000000000012
2022-08-01,2.33,295.097,116.956,2.683913043478261,2.5082608695652175,3.6,153362,184194.25,62.3,32.44,101.0963,663566,1531,78.5438,2.8978260869565218,3.25,22.169565217391305,2.25,-0.23388,0.6500000000000001,Hike,High,-0.3521739130434782
2022-09-01,2.56,296.349,117.371,2.4504761904761905,2.3823809523809523,3.5,153582,161778,62.2,32.57,101.2918,661854,1488,78.6087,3.519047619047619,3.8566666666666665,27.341818181818184,2.17,-0.15331,0.22999999999999998,Hike,High,-0.3376190476190475
2022-10-01,3.08,298.007,117.919,2.4705,2.3935,3.6,153939,182976.8,62.2,32.7,101.2529,668671,1435,78.4843,3.9835,4.375,30.005714285714287,2.28,-0.109945,0.52,Hike,High,-0.3915000000000002
2022-11-01,3.78,298.786,118.224,2.4445,2.371,3.6,154242,213724.25,62.1,32.82,100.9552,659458,1424,78.1544,3.891,4.5035,23.29909090909091,2.18,-0.1660025,0.6999999999999997,Hike,High,-0.6124999999999998
2022-12-01,4.1,298.832,118.384,2.316666666666667,2.2595238095238095,3.5,154342,266964.4,62.3,32.94,99.7664,651763,1308,77.1334,3.616190476190476,4.288571428571428,21.784285714285716,1.97,-0.20149999999999998,0.31999999999999984,Hike,High,-0.6723809523809523
2023-01-01,4.33,300.42,119.018,2.234,2.237,3.5,154776,272706,62.4,33.02,100.505,680253,1361,77.601,3.5315,4.2075000000000005,20.169047619047618,1.97,-0.2803675,0.23000000000000043,Hike,High,-0.6760000000000006
2023-02-01,4.57,301.45,119.369,2.446842105263158,2.333684210526316,3.6,155066,217520.5,62.5,33.15,100.6416,672152,1399,77.6078,3.7468421052631578,4.5336842105263155,20.1205,1.84,-0.300145,0.2400000000000002,Hike,High,-0.7868421052631578
2023-03-01,4.65,301.821,119.538,2.3778260869565218,2.3021739130434784,3.5,155134,214746.75,62.6,33.27,101.0205,665071,1377,77.8036,3.6630434782608696,4.302608695652173,21.644347826086957,2.05,-0.188778,0.08000000000000007,Hike,High,-0.6395652173913038
2023-04-01,4.83,302.845,119.951,2.308,2.2664999999999997,3.4,155375,206141.4,62.6,33.43,101.253,670494,1354,77.888,3.46,4.016,17.817894736842106,2.07,-0.1766325,0.17999999999999972,Hike,High,-0.556
2023-05-01,5.06,303.334,120.15,2.1554545454545453,2.213636363636364,3.6,155655,203381.5,62.6,33.5,100.9286,673902,1584,77.5496,3.5736363636363637,4.131818181818182,17.63608695652174,2.2,-0.2101525,0.22999999999999954,Hike,High,-0.5581818181818181
2023-06-01,5.08,304.014,120.469,2.1395238095238094,2.2004761904761905,3.6,155880,237577.25,62.6,33.69,100.1196,677117,1421,76.8467,3.748095238095238,4.639523809523809,14.003181818181819,2,-0.222096,0.020000000000000462,Hike,High,-0.8914285714285715
2023-07-01,5.12,304.609,120.607,2.2075,2.2965,3.5,156043,237429,62.6,33.85,100.9067,678424,1460,77.3773,3.8994999999999997,4.8285,13.932380952380953,1.84,-0.2604325,0.040000000000000036,Hike,High,-0.9290000000000003
2023-08-01,5.33,306.082,120.97,2.2395652173913043,2.3352173913043477,3.7,156261,208669.5,62.8,33.89,100.8393,684755,1317,77.2588,4.167826086956522,4.901739130434783,15.853913043478261,1.85,-0.320915,0.20999999999999996,Hike,High,-0.7339130434782613
2023-09-01,5.33,307.276,121.419,2.2535,2.342,3.7,156417,178776.8,62.7,34.01,101.0211,689403,1371,77.3375,4.379,5.022,15.173333333333334,1.78,-0.333992,0,Hold,High,-0.6430000000000007
2023-10-01,5.33,307.696,121.484,2.31,2.386190476190476,3.9,156576,193860.5,62.6,34.08,100.4689,686148,1368,76.859,4.798095238095238,5.067619047619048,18.887727272727272,1.83,-0.2949575,0,Hold,High,-0.26952380952381016
2023-11-01,5.33,308.148,121.493,2.2471428571428573,2.3042857142857143,3.7,156703,218084.75,62.8,34.17,100.8639,685328,1514,77.1081,4.502857142857143,4.882380952380952,14.01909090909091,1.79,-0.307905,0,Hold,High,-0.3795238095238096
2023-12-01,5.33,308.741,121.66,2.1275,2.1845,3.8,156857,265800.2,62.5,34.29,100.6031,686277,1521,76.858,4.0200000000000005,4.457,12.7185,1.62,-0.35193399999999997,0,Hold,High,-0.4369999999999994
2024-01-01,5.33,309.698,122.23,2.224761904761905,2.2661904761904763,3.7,157032,281025.5,62.5,34.47,99.2223,680456,1381,75.7542,4.058095238095238,4.322857142857143,13.388636363636364,1.62,-0.3893275,0,Hold,High,-0.26476190476190453
2024-02-01,5.33,310.967,122.598,2.317,2.2825,3.9,157238,213413.75,62.6,34.52,100.285,685280,1552,76.5157,4.2075,4.544,13.98047619047619,1.56,-0.417735,0,Hold,High,-0.3365
2024-03-01,5.33,312.345,123.038,2.3810000000000002,2.3114999999999997,3.9,157466,200038.6,62.7,34.65,100.4575,687641,1312,76.5964,4.2085,4.588,13.7875,1.54,-0.437778,0,Hold,High,-0.37950000000000017
2024-04-01,5.33,313.023,123.341,2.4513636363636366,2.394090909090909,3.9,157530,204145.5,62.6,34.76,100.2434,687602,1385,76.3803,4.539090909090909,4.873181818181818,16.137727272727272,1.46,-0.4210275,0,Hold,High,-0.334090909090909
2024-05-01,5.33,313.175,123.348,2.333181818181818,2.334090909090909,3.9,157608,199402.75,62.6,34.89,100.863,692774,1316,76.7961,4.482272727272727,4.856363636363636,13.058695652173913,1.47,-0.41509999999999997,0,Hold,High,-0.37409090909090903
2024-06-01,5.33,313.044,123.539,2.2142105263157896,2.2552631578947366,4.1,157695,224936.4,62.6,35.01,100.894,692449,1327,76.7586,4.3052631578947365,4.7368421052631575,12.667,1.51,-0.395835,0,Hold,High,-0.43157894736842106
2024-07-01,5.33,313.569,123.736,2.1845454545454546,2.2745454545454544,4.2,157748,241307,62.7,35.08,99.9757,698835,1265,75.9946,4.248636363636364,4.495909090909091,14.373913043478261,1.59,-0.37256,0,Hold,High,-0.2472727272727271
2024-08-01,5.33,314.062,123.889,1.9731818181818181,2.11,4.2,157757,196142,62.7,35.22,100.4309,697039,1391,76.2697,3.870909090909091,3.9654545454545453,19.312272727272727,1.73,-0.376106,0,Hold,High,-0.09454545454545427
2024-09-01,5.13,314.732,124.164,1.967,2.1075,4.1,157912,182111.25,62.7,35.34,99.8084,703055,1357,75.7216,3.7235,3.6225,17.663333333333334,1.7,-0.419,-0.20000000000000018,Cut,High,0.10099999999999998
2024-10-01,4.83,315.631,124.494,2.2313636363636364,2.285909090909091,4.1,157945,216588.25,62.5,35.46,99.4695,708290,1352,75.3852,4.095454545454546,3.9722727272727276,19.96086956521739,1.53,-0.4396775,-0.2999999999999998,Cut,High,0.12318181818181806
2024-11-01,4.64,316.528,124.637,2.3878947368421053,2.3210526315789473,4.2,158079,222839.8,62.4,35.6,99.2925,711853,1295,75.1681,4.355789473684211,4.2573684210526315,16.015238095238097,1.42,-0.466024,-0.1900000000000004,Cut,High,0.09842105263157919
2024-12-01,4.48,317.604,124.979,2.3638095238095236,2.3033333333333332,4.1,158316,280143.75,62.5,35.69,100.3273,717547,1514,75.8651,4.3914285714285715,4.225714285714286,15.866190476190477,1.41,-0.481965,-0.15999999999999925,Cut,High,0.16571428571428548
2025-01-01,4.33,318.961,125.417,2.4904761904761905,2.4004761904761907,4,158268,292914.75,62.6,35.84,100.0647,711461,1358,75.5781,4.629047619047619,4.271904761904762,16.763636363636362,1.45,-0.501612,-0.15000000000000036,Cut,High,0.35714285714285765
2025-02-01,4.33,319.679,125.921,2.6073684210526316,2.4242105263157896,4.2,158310,229560,62.5,35.94,101.0993,711757,1490,76.2685,4.451052631578947,4.21,16.968,1.47,-0.4990675,0,Hold,High,0.24105263157894719
2025-03-01,4.33,319.785,125.941,2.532380952380952,2.334285714285714,4.2,158377,209480.8,62.5,36.11,101.0404,722572,1355,76.1318,4.2804761904761905,3.97,21.841428571428573,1.65,-0.4392025,0,Hold,High,0.31047619047619035
2025-04-01,4.33,320.302,126.15,2.348095238095238,2.240952380952381,4.2,158485,218037.25,62.6,36.12,101.1279,721789,1398,76.1048,4.279047619047619,3.7776190476190474,31.966190476190476,1.9,-0.39081,0,Hold,High,0.5014285714285713
2025-05-01,4.33,320.62,126.38,2.383809523809524,2.3133333333333335,4.3,158498,206993.8,62.4,36.28,100.9655,716101,1282,75.8894,4.423809523809524,3.92,20.462272727272726,1.87,-0.43892200000000003,0,Hold,High,0.5038095238095242
2025-06-01,4.33,321.435,126.743,2.3255,2.297,4.1,158478,235074,62.3,36.36,101.4785,723033,1382,76.181,4.3835,3.889,18.403333333333332,1.77,-0.4869575,0,Hold,High,0.49449999999999994
2025-07-01,4.33,322.169,126.96,2.442727272727273,2.3836363636363638,4.3,158542,228071.25,62.2,36.47,101.894,727727,1420,76.3997,4.391818181818182,3.8822727272727273,16.381304347826088,1.71,-0.5125675000000001,0,Hold,High,0.5095454545454543
2025-08-01,4.33,323.291,127.293,2.4385714285714286,2.381904761904762,4.3,158472,195403.8,62.3,36.62,101.6247,731700,1291,76.1055,4.2647619047619045,3.703809523809524,15.75,1.74,-0.526326,0,Hold,High,0.5609523809523806
2025-09-01,4.22,324.245,127.625,2.4257142857142857,2.3714285714285714,4.4,158548,190119.5,62.5,36.7,101.7059,732192,1328,76.0745,4.12047619047619,3.5685714285714285,15.789090909090909,1.71,-0.5285,-0.11000000000000032,Cut,High,0.5519047619047619
2025-10-01,4.09,NA,127.879,2.3581818181818184,2.3049999999999997,NA,158408,206670.75,NA,36.85,101.257,731051,1272,75.6474,4.0618181818181816,3.5213636363636365,18.086521739130436,1.68,-0.517636,-0.1299999999999999,Cut,High,0.5404545454545451
2025-11-01,3.88,325.063,128.149,2.3505555555555557,2.266111111111111,4.5,158449,223192.2,62.5,37,101.3775,735085,1322,75.6462,4.0938888888888885,3.55,19.7695,1.77,-0.507345,-0.20999999999999996,Cut,High,0.5438888888888886
2025-12-01,3.72,326.031,128.605,2.2813636363636363,2.244090909090909,4.4,158497,276510.25,62.4,37.02,101.6296,734967,1404,75.7433,4.1431818181818185,3.500909090909091,15.548181818181819,1.76,-0.5266275,-0.1599999999999997,Cut,High,0.6422727272727276
2026-01-01,3.64,326.588,NA,2.3905,2.3064999999999998,4.3,158627,277336.8,62.5,37.17,102.3412,NA,NA,76.2119,4.2135,3.537,16.17904761904762,1.67,-0.560714,-0.08000000000000007,Cut,High,0.6764999999999999
2026-02-01,NA,NA,NA,2.4555555555555557,2.303888888888889,NA,NA,217713.33333333334,NA,NA,NA,NA,NA,NA,4.141176470588236,3.48,19.20277777777778,NA,-0.5651033333333333,NA,Hold,High,0.6611764705882357
